{"type":"FeatureCollection","features":[{"type":"Feature","properties":{"NUTS_ID":"NO02","LEVL_CODE":2,"CNTR_CODE":"NO","NAME_LATN":"Innlandet","NUTS_NAME":"Innlandet","MOUNT_TYPE":null,"URBN_TYPE":null,"COAST_TYPE":null,"NAME_ENGL":"Norway","NAME_FREN":"Norvège","ISO3_CODE":"NOR","SVRG_UN":"UN Member State","CAPT":"Oslo","EU_STAT":"F","EFTA_STAT":"T","CC_STAT":"F","NAME_GERM":"Norwegen"},"geometry":{"type":"MultiPolygon","coordinates":[[[[12.254659304000029,62.331024478000074],[12.299370195000051,62.267493986000034],[12.231717721000052,62.039733366000064],[12.162955260000047,61.718815765000045],[12.405438823000054,61.57630755400004],[12.588154146000022,61.551014301000066],[12.850415585000064,61.35826162700005],[12.670176624000021,61.05597642300006],[12.24710536200007,61.00193551900003],[12.600887725000064,60.49254526400006],[12.466694415000063,60.07111202800007],[12.20875090900006,59.90728087100007],[11.839814230000059,59.84067227500003],[11.771917969000071,60.06408187800008],[11.190570835000074,60.563094988000046],[10.936927470000057,60.490686692000054],[10.746914900000036,60.50134919000004],[10.745415655000045,60.44149573200008],[10.892801018000057,60.37804964400004],[10.855249179000054,60.32509518100005],[10.391793207000035,60.33500422900005],[10.20805444900003,60.41501968000006],[10.186372625000047,60.43679574200007],[10.01175519900005,60.612172119000036],[9.774379840000051,60.47879607600004],[9.520782782000026,60.52714125400007],[9.292378401000065,60.73404728700007],[8.251701008000055,61.07394390200005],[8.089239259000067,61.202273235000064],[8.231714685000043,61.48999012100006],[7.980051135000053,61.56389958400007],[7.86168841600005,61.72361053700007],[7.537337022000031,61.751594245000035],[7.349109063000071,62.00768197300005],[7.427869441000041,62.076642639000056],[7.585736659000077,62.08245350400006],[8.320840222000072,62.34662853100008],[9.062061819000064,62.37260838900005],[9.65889512800004,62.26741328000003],[10.068510866000054,62.42819972800004],[10.027391030000047,62.56609614600006],[10.153658005000068,62.67791663100007],[10.728152434000037,62.64804466800007],[10.914385948000074,62.691596797000045],[11.113003710000044,62.65528752300003],[11.571985222000023,62.37914238600007],[12.254659304000029,62.331024478000074]]]]}},{"type":"Feature","properties":{"NUTS_ID":"NO06","LEVL_CODE":2,"CNTR_CODE":"NO","NAME_LATN":"Trøndelag/Trööndelage","NUTS_NAME":"Trøndelag/Trööndelage","MOUNT_TYPE":null,"URBN_TYPE":null,"COAST_TYPE":null,"NAME_ENGL":"Norway","NAME_FREN":"Norvège","ISO3_CODE":"NOR","SVRG_UN":"UN Member State","CAPT":"Oslo","EU_STAT":"F","EFTA_STAT":"T","CC_STAT":"F","NAME_GERM":"Norwegen"},"geometry":{"type":"MultiPolygon","coordinates":[[[[12.110421458000076,65.01035566100006],[12.692533856000068,64.94694008500005],[13.152588990000027,65.10446228600006],[14.325984923000021,65.11891597000005],[13.796693177000066,64.71352352000008],[13.686254923000035,64.57650431700006],[14.116828121000026,64.42071895100008],[14.136074074000021,64.26539208800006],[14.143977139000071,64.20160941800003],[13.986239349000073,64.03270773300005],[13.221591932000024,64.09215569900005],[12.92536109100007,64.05453908200008],[12.667978560000051,63.960408003000055],[12.17465892000007,63.598279896000065],[12.188845283000035,63.46631625500004],[11.99604002500007,63.26524623300003],[12.192861209000057,63.017643761000045],[12.09194225300007,62.89834235900008],[12.124060264000036,62.74874720300005],[12.073172227000043,62.613401586000066],[12.254659304000029,62.331024478000074],[11.571985222000023,62.37914238600007],[11.113003710000044,62.65528752300003],[10.914385948000074,62.691596797000045],[10.728152434000037,62.64804466800007],[10.153658005000068,62.67791663100007],[10.027391030000047,62.56609614600006],[10.068510866000054,62.42819972800004],[9.65889512800004,62.26741328000003],[9.062061819000064,62.37260838900005],[9.207528172000025,62.52541181100008],[9.003344390000052,62.71206634600003],[9.302408342000035,62.84257219800003],[9.082511594000039,63.058117279000044],[8.847154136000029,63.12179819700003],[8.25752251800003,63.02041707600006],[8.20073325800007,63.11116277900004],[8.83208569900006,63.20196221000003],[8.868119076000028,63.34721183500005],[8.79804060400005,63.38067368900005],[8.755213218000051,63.42425483200003],[8.49903153200006,63.45243929900005],[8.41794262600007,63.51613296100004],[8.71553994900006,63.782940016000055],[9.043041396000035,63.60715808400005],[9.298628504000021,63.547380617000044],[9.702621864000037,63.56821733700008],[10.05396907000005,63.39874365500003],[10.699921603000064,63.47923895400004],[10.749498040000049,63.662046099000065],[10.076254654000024,63.551830634000055],[9.740798872000028,63.78181005700003],[10.04848759500004,63.96330684000003],[10.200764555000035,64.18724144500004],[10.451091912000038,64.37037364200006],[10.767181309000023,64.42384452400006],[10.863708358000054,64.53670396400008],[11.106657221000034,64.55917220500004],[11.381492200000025,64.71729480200008],[11.229900453000027,64.83012403400005],[10.901660571000036,64.86658012200007],[10.887247731000059,64.91949259300003],[11.391098032000059,64.97474892500003],[11.938758840000048,65.14892402800007],[11.943716661000053,65.07789911400005],[11.981971911000073,65.07081557300006],[12.050577407000048,65.06312479600007],[12.110421458000076,65.01035566100006]]],[[[9.427326502000028,63.75860431800004],[9.357736420000037,63.73174483000008],[9.314095172000066,63.78596636900005],[9.401918472000034,63.86360317200007],[9.427326502000028,63.75860431800004]]],[[[9.200381220000054,63.995414588000074],[9.068718256000068,63.960755634000066],[9.091505238000025,64.03073335500005],[9.165744164000046,64.05299127800004],[9.223127774000034,64.03469777700008],[9.200381220000054,63.995414588000074]]],[[[11.033170591000044,65.11073287600004],[10.960881218000054,65.06578437900004],[10.860014367000076,65.11124918900003],[10.955845574000023,65.15900659500005],[11.033170591000044,65.11073287600004]]]]}},{"type":"Feature","properties":{"NUTS_ID":"NO0A","LEVL_CODE":2,"CNTR_CODE":"NO","NAME_LATN":"Vestlandet","NUTS_NAME":"Vestlandet","MOUNT_TYPE":null,"URBN_TYPE":null,"COAST_TYPE":null,"NAME_ENGL":"Norway","NAME_FREN":"Norvège","ISO3_CODE":"NOR","SVRG_UN":"UN Member State","CAPT":"Oslo","EU_STAT":"F","EFTA_STAT":"T","CC_STAT":"F","NAME_GERM":"Norwegen"},"geometry":{"type":"MultiPolygon","coordinates":[[[[9.082511594000039,63.058117279000044],[9.302408342000035,62.84257219800003],[9.003344390000052,62.71206634600003],[9.207528172000025,62.52541181100008],[9.062061819000064,62.37260838900005],[8.320840222000072,62.34662853100008],[7.585736659000077,62.08245350400006],[7.427869441000041,62.076642639000056],[7.349109063000071,62.00768197300005],[7.537337022000031,61.751594245000035],[7.86168841600005,61.72361053700007],[7.980051135000053,61.56389958400007],[8.231714685000043,61.48999012100006],[8.089239259000067,61.202273235000064],[8.251701008000055,61.07394390200005],[8.242184181000027,60.99798789500005],[8.053022504000069,60.90971559700006],[7.881215989000054,60.92312572600008],[7.669774696000047,60.74062258300006],[7.569614932000036,60.72285924800008],[7.52971343400003,60.66531506400008],[7.71531382400002,60.488140187000056],[7.664018532000057,60.29839686200006],[7.48804036000007,60.09883859400003],[7.440289387000064,60.043347675000064],[7.233217596000031,59.95316145700008],[7.096307783000043,59.78281228600008],[7.214666736000027,59.67268709600006],[7.01753595200006,59.57446206700007],[6.860026717000039,59.33195078300008],[6.862103344000047,59.10922427100007],[6.579543562000026,58.88302500800006],[6.573231897000028,58.70998323100008],[6.518304080000064,58.65483584600008],[6.593893767000054,58.57908579600007],[6.610258090000059,58.43039668900008],[6.438776149000034,58.29092121200006],[5.711127231000034,58.541665530000046],[5.528011174000028,58.718940091000036],[5.597267647000024,58.99991786900006],[6.022802231000071,58.98128212000006],[5.934416683000052,59.11626741400005],[6.098631207000039,59.20963142800008],[6.098516528000061,59.31560659500008],[5.868520453000031,59.481448252000064],[5.818463870000073,59.34764400500006],[5.620635259000039,59.32798659800005],[5.451393639000059,59.196433736000074],[5.236223943000027,59.16932702400004],[5.193705776000058,59.30939906100008],[5.302746537000075,59.48112068200004],[5.273159736000025,59.553390455000056],[5.436654433000058,59.68170941100004],[5.520033634000072,59.72370171100005],[5.536170085000037,59.68672191100006],[5.519854447000057,59.57076808200003],[5.45721330300006,59.49808635100004],[5.610089423000034,59.66607932100004],[5.821129143000064,59.64522748100006],[5.894323541000063,60.024318977000064],[5.608717307000063,59.90982555200003],[5.505279525000049,59.96757427800003],[5.440635518000022,59.82064844900003],[5.184259225000062,59.73498807500005],[5.152349999000023,59.851276632000065],[5.207050238000022,59.98731195800008],[5.547017397000047,60.076416248000044],[5.613445992000038,60.15836561900005],[5.514472458000057,60.219287671000075],[5.039313973000048,60.28185640000004],[4.861393176000036,60.82242779200004],[4.956621805000054,60.98395411700005],[5.275279619000059,61.112599371000044],[5.029828576000057,61.316913241000066],[5.092807249000032,61.55451755900003],[4.928531290000024,61.853160383000045],[5.211095717000035,62.09516069600005],[5.492609931000061,62.017126544000064],[5.468304062000072,62.14018611100005],[5.56041835700006,62.397528984000076],[5.792320480000058,62.300187082000036],[5.924365060000071,62.40211031400008],[6.120873415000062,62.33329741800003],[6.364327275000051,62.33577082000005],[6.382470029000046,62.49669296700006],[6.276818516000048,62.574860657000045],[6.551805375000072,62.66467607900006],[6.678116493000061,62.60949732900008],[7.039004986000066,62.95505626400006],[7.791346504000046,63.084570847000066],[7.83466276200005,63.06564730100007],[7.804688741000064,62.97558862000005],[7.947250715000052,62.95962982800006],[8.047662082000045,63.07929514300008],[8.340101826000023,62.905046164000055],[8.466532554000025,62.90054813900008],[8.44989868500005,62.98641544000003],[8.25752251800003,63.02041707600006],[8.847154136000029,63.12179819700003],[9.082511594000039,63.058117279000044]]],[[[5.820408696000072,59.08745809000004],[5.744712163000031,59.05203607300007],[5.642220058000021,59.10623787800006],[5.754371353000067,59.14159290200007],[5.820408696000072,59.08745809000004]]],[[[5.834087009000029,59.25271285600007],[5.863799940000035,59.13542896700005],[5.808325301000025,59.13659985500004],[5.751167832000021,59.25426250900006],[5.834087009000029,59.25271285600007]]],[[[6.082068264000043,59.27702290700006],[6.00980676100005,59.218875808000064],[5.906172601000037,59.25897977200003],[6.002968634000069,59.30992993400008],[6.082068264000043,59.27702290700006]]],[[[4.922123288000023,59.28260559300003],[4.843618086000049,59.229352712000036],[4.76638762400006,59.29414361400006],[4.864435127000036,59.33144377500008],[4.922123288000023,59.28260559300003]]],[[[4.888992659000053,60.51986522800007],[4.824455298000032,60.51815941400008],[4.71403798700004,60.61989039500003],[4.817007314000023,60.660601789000054],[4.888992659000053,60.51986522800007]]],[[[4.745889360000035,60.98848512200004],[4.686092705000021,60.97392096700008],[4.61049670500006,61.05453602800003],[4.695763480000039,61.08840755800003],[4.745889360000035,60.98848512200004]]],[[[5.051311314000031,61.13176129800007],[4.92910099900007,61.05835257900003],[4.750824399000066,61.10737867900008],[4.91209899100005,61.19223367200004],[5.051311314000031,61.13176129800007]]],[[[4.919444989000056,61.29189797400005],[4.849692778000076,61.21984877500006],[4.757368940000049,61.266502856000045],[4.843993626000042,61.318535017000045],[4.919444989000056,61.29189797400005]]],[[[4.736681204000035,61.31676510800003],[4.65295870500006,61.24836009200004],[4.56237483700005,61.294019639000055],[4.653245032000029,61.340989637000064],[4.736681204000035,61.31676510800003]]],[[[4.87916935800007,61.573205322000035],[4.806136871000035,61.558905124000034],[4.758903395000061,61.65228480900004],[4.877833416000044,61.695680871000036],[4.87916935800007,61.573205322000035]]],[[[6.270676495000032,62.40166705400003],[6.108627857000045,62.40166705400003],[6.133027168000069,62.43923166700006],[6.305677770000045,62.46514214100006],[6.270676495000032,62.40166705400003]]],[[[8.868119076000028,63.34721183500005],[8.83208569900006,63.20196221000003],[8.553218726000068,63.26240531600007],[8.755213218000051,63.42425483200003],[8.79804060400005,63.38067368900005],[8.868119076000028,63.34721183500005]]],[[[8.168328852000059,63.394969040000035],[7.847543490000021,63.26976762700008],[7.67832226400003,63.38186505400006],[8.012397050000061,63.49229016000004],[8.168328852000059,63.394969040000035]]]]}},{"type":"Feature","properties":{"NUTS_ID":"NO07","LEVL_CODE":2,"CNTR_CODE":"NO","NAME_LATN":"Nord-Norge","NUTS_NAME":"Nord-Norge","MOUNT_TYPE":null,"URBN_TYPE":null,"COAST_TYPE":null,"NAME_ENGL":"Norway","NAME_FREN":"Norvège","ISO3_CODE":"NOR","SVRG_UN":"UN Member State","CAPT":"Oslo","EU_STAT":"F","EFTA_STAT":"T","CC_STAT":"F","NAME_GERM":"Norwegen"},"geometry":{"type":"MultiPolygon","coordinates":[[[[25.728687553000043,70.87368105700006],[25.330469281000035,70.56891825900004],[25.136035866000043,70.32680694000004],[25.104074922000052,70.22872612400005],[25.17611342400005,70.20652593500006],[26.44121810200005,70.82631321500008],[26.606569703000048,70.77024388900003],[26.666065841000034,70.53288110400007],[26.82103103700007,70.51070749600007],[27.191557096000054,70.74343011600007],[27.38914913700006,70.96137890000006],[27.962164276000067,71.06685324100005],[28.26174666000003,70.96035387000006],[28.12619668700006,70.65326277600008],[28.21243228800006,70.52860259800008],[28.374392494000062,70.54152780500004],[28.68012280800008,70.72487111900006],[29.087241095000024,70.81498425800004],[30.08046988800004,70.65858644500008],[30.774918618000072,70.43419528500004],[30.863621158000058,70.34332540000008],[30.78069425500007,70.26931549200003],[29.74867786300007,69.99698952100005],[30.062223490000065,69.83471520100005],[30.837990056000024,69.77766420300003],[30.84059138600003,69.77650847200005],[30.935640207000063,69.65600604600007],[30.89025065800007,69.55052698700007],[30.547796007000045,69.54143417500006],[30.169397824000043,69.65394865500008],[30.16559443500006,69.54596752200007],[30.07916685600003,69.45725998900008],[29.336653557000034,69.30549771000005],[29.204072480000036,69.09493613300003],[29.055433635000043,69.02661512600008],[28.929561558000046,69.05191162100004],[28.839537927000038,69.12404389800008],[28.852063600000065,69.20547526400003],[29.241064600000072,69.42471804600007],[29.284296074000054,69.49789358900006],[29.237827915000025,69.56664070400006],[29.08544325400004,69.69581863100007],[28.439952866000056,69.81804056500005],[27.888308391000066,70.07819462300006],[27.067950454000027,69.92128644800005],[26.519853085000022,69.93724634900008],[25.999792229000036,69.69787360500004],[25.731618662000074,69.27077848000005],[25.716623877000075,68.97770635100005],[25.25559123900007,68.83456678000005],[25.08274698200006,68.64786943200005],[24.902424133000068,68.59236416200008],[23.91701781200004,68.82631704600004],[23.618878083000027,68.70605442700008],[23.217031328000076,68.64394040900004],[22.455719402000057,68.72231922700007],[21.983611350000047,69.07289350400004],[21.630272534000028,69.26889053500008],[21.299035810000078,69.30742748400007],[21.018146855000055,69.20614350200003],[21.088598844000046,69.09898283300004],[21.05052742600003,69.05054254700008],[20.730045842000038,69.11139241900008],[20.548636559000045,69.05996854600005],[20.19539005100006,69.02233196000003],[20.296467910000047,68.82322071600004],[20.218125576000034,68.69263259700006],[20.04131026500005,68.56547604400004],[20.114517103000026,68.46050819800007],[19.943272758000035,68.37869574900003],[18.410969092000073,68.57339053400005],[18.125925245000076,68.53651595600007],[18.124546980000048,68.20532741000005],[17.926126716000056,68.00861963600005],[17.238873374000036,68.09096169000003],[16.77992114400007,67.91926580200004],[16.51029923300007,67.62294214300005],[16.149895482000034,67.49327803500006],[16.128493287000026,67.41987138000007],[16.383272413000043,67.19643240900007],[16.373855485000036,67.06573836600006],[15.455369092000069,66.52193922100008],[15.453994737000073,66.34523350300003],[15.413124450000055,66.26233277700004],[15.033002804000034,66.15685520200003],[14.55843099200007,66.13141416200006],[14.538795824000033,66.06443918000008],[14.609683067000049,65.80652610700008],[14.516209667000055,65.59384430800003],[14.496796070000073,65.32595480600008],[14.325984923000021,65.11891597000005],[13.152588990000027,65.10446228600006],[12.692533856000068,64.94694008500005],[12.110421458000076,65.01035566100006],[12.050577407000048,65.06312479600007],[12.127184812000053,65.19488330800004],[12.117876839000076,65.29541067600007],[12.141450939000038,65.46486811900007],[12.581139181000026,65.83896470300004],[12.45448127700007,65.96662455400008],[12.225380233000067,65.99692718600005],[12.29628830200005,66.16064122700004],[12.632765095000025,66.09199578700003],[12.827827808000052,66.26241342400004],[12.95999527500004,66.18398085700005],[13.372316071000057,66.82605665100004],[13.588637799000026,66.84588946900004],[14.136659439000027,67.12849477000003],[14.581644872000027,67.20378308000005],[14.627228091000063,67.25842680100004],[14.595034400000031,67.38394606600008],[14.852326310000024,67.52353962500007],[15.18528219500007,67.53593066400003],[15.299671276000026,67.73207624800006],[14.914895648000027,67.69517339200007],[14.857879183000023,67.83247730300008],[14.919531265000046,67.91989791100008],[15.182219030000056,67.99125879900004],[15.46200712500007,67.96576237300008],[15.405579997000075,68.05188926400007],[15.442501866000043,68.10017438800003],[15.946358024000062,68.18777711200005],[16.203090547000045,68.01832468100008],[16.411174119000066,67.99729401200005],[16.436074048000023,68.03012456000005],[16.30564920300003,68.23192064500006],[16.33355231300004,68.33688157100005],[16.719173028000057,68.40456436800008],[17.17143358100003,68.38502461500008],[17.23252597000004,68.43758170300003],[16.99185092700003,68.49381372300007],[16.557794185000034,68.44740252100007],[16.35271378500005,68.42322237100007],[16.136054327000068,68.40505590300006],[16.11429072900006,68.53891496100005],[15.621297973000026,68.35596373600004],[13.74753154800004,68.10571754300008],[13.510421703000077,68.13289267600004],[13.777326100000039,68.28127730100005],[15.169283735000022,68.51621950800006],[15.424418278000076,68.70986926100005],[15.613878960000022,69.02463457300007],[15.897763831000077,69.16960516000006],[15.963062365000042,69.12901713200006],[15.938809831000071,68.93520866600005],[16.00557307100007,68.75553855500004],[16.058621991000052,68.72227801800005],[16.32783630800003,68.88296241700004],[16.32423951100003,68.96250358800006],[16.506188289000022,69.06680560600006],[16.546086350000053,68.78577718900004],[16.663846673000023,68.66910291000005],[16.836143400000026,68.69265402600007],[17.026676375000022,68.81887333200007],[17.124292608000076,68.72770206400008],[17.203468402000055,68.73937089600008],[17.22759608000007,68.89546371400007],[17.52117193500004,68.86027472400008],[17.485759909000024,69.02770736000008],[17.60686824800007,69.07441418700006],[17.61879437500005,69.13235132300008],[17.387649632000034,69.13445286100006],[17.108956699000032,69.03257201600007],[16.931401582000035,69.06566743000008],[16.997937767000053,69.37224036700007],[17.692928606000066,69.56447733200008],[17.822747899000035,69.53852673100005],[17.798451638000074,69.45879134700004],[17.838352892000046,69.43875778200004],[17.992781962000038,69.51355967800004],[17.992752172000053,69.61942691200005],[17.992781962000038,69.64694125100004],[18.552304349000053,69.77335252900008],[18.82190858000007,70.06802713000008],[19.092327359000024,70.15033497100006],[19.572633103000044,69.98028416300008],[19.738709182000036,69.74605791200008],[20.243549380000047,69.82186111800007],[20.401617807000036,69.58683469800008],[20.510491759000047,69.66586301800004],[20.626964185000077,69.87316028000004],[20.60165795300003,70.13493589600006],[20.802620931000035,70.10009098400008],[21.043333777000043,69.91452272600003],[21.780228372000067,69.93094662800007],[21.72140478400007,70.03125377900005],[21.492220858000053,70.17110816700006],[21.775615079000033,70.28661428900006],[22.432561918000033,70.28299400900005],[23.281178986000043,70.53686479300006],[23.636760639000045,70.54434608600008],[23.835540053000045,70.64501496100007],[24.21079188400006,70.60828994000008],[24.62958537000003,70.89432759900006],[25.12916040500005,70.90719987200004],[25.466781292000064,71.07789545200006],[25.78010099900007,71.06610082100008],[25.801452265000023,70.99321579600007],[25.728687553000043,70.87368105700006]]],[[[12.013411331000043,65.14510155200003],[11.981971911000073,65.07081557300006],[11.943716661000053,65.07789911400005],[11.938758840000048,65.14892402800007],[12.013411331000043,65.14510155200003]]],[[[12.047940355000037,65.21845126800008],[11.97227083100006,65.20158669100005],[11.923410900000022,65.22438615900006],[11.99602476800004,65.28340061500006],[12.047940355000037,65.21845126800008]]],[[[12.002438340000026,65.62952790400004],[11.867460400000027,65.62150593500007],[11.824348868000072,65.64198660400007],[12.109132459000023,65.84090784500006],[12.102015207000022,65.72577488900004],[12.002438340000026,65.62952790400004]]],[[[12.303826903000072,65.80845296800004],[12.246496316000048,65.76758495400003],[12.109086519000073,65.84566015100006],[12.179816319000054,65.90264737500007],[12.303826903000072,65.80845296800004]]],[[[12.286924574000068,66.24679986700005],[12.224490219000074,66.18127574300007],[12.11956032200004,66.21638595700006],[12.20950059300003,66.27498460500004],[12.286924574000068,66.24679986700005]]],[[[12.684532647000026,66.30127011800005],[12.608307111000045,66.26405275900004],[12.51121446600007,66.31432270500005],[12.622625007000067,66.35609458300007],[12.684532647000026,66.30127011800005]]],[[[12.882537164000041,66.37769261300008],[12.813730013000054,66.37769261300008],[12.78871575100004,66.40555568800005],[12.81514080900007,66.44088740200004],[12.938584607000053,66.43996907800005],[12.937860067000031,66.39577290800008],[12.882537164000041,66.37769261300008]]],[[[12.175308575000031,66.54369391500006],[12.113741275000052,66.46392508000008],[12.07092941600007,66.58315839000005],[12.142588740000065,66.60764109600007],[12.175308575000031,66.54369391500006]]],[[[12.721668201000057,66.56552899400003],[12.652637647000063,66.52379582900005],[12.555310599000052,66.57178465400006],[12.657979929000021,66.62061128800008],[12.721668201000057,66.56552899400003]]],[[[12.901807168000062,66.60229112800005],[12.841390051000076,66.53975992600004],[12.747038033000024,66.57890238000005],[12.823194795000063,66.64129078200006],[12.901807168000062,66.60229112800005]]],[[[13.06814967300005,66.59566423900003],[12.986995637000064,66.59293393700005],[12.938571727000067,66.69820305900004],[13.043519021000066,66.67275898700007],[13.06814967300005,66.59566423900003]]],[[[13.190022288000023,66.76484126100007],[13.094778115000054,66.72905058700007],[13.020398244000035,66.79199190300005],[13.108705916000076,66.82196936100007],[13.190022288000023,66.76484126100007]]],[[[13.803754282000057,67.15158141800003],[13.704777499000045,67.13066029400005],[13.671298919000037,67.14597288300007],[13.658764610000048,67.18786924800008],[13.77191123800003,67.20160955000006],[13.824450058000025,67.18833327000004],[13.803754282000057,67.15158141800003]]],[[[13.996266812000044,67.40721464000006],[13.940244234000033,67.37097406400005],[13.823046893000026,67.40549167600005],[13.896408639000072,67.46371097200006],[13.996266812000044,67.40721464000006]]],[[[14.468958256000064,67.41799803100008],[14.397087250000027,67.37386513600006],[14.290607372000068,67.42073868400007],[14.387143392000041,67.46451038200007],[14.468958256000064,67.41799803100008]]],[[[12.132514136000054,67.49495319600004],[12.07815867000005,67.45121036300003],[11.988255973000037,67.51274870000003],[12.077243792000047,67.56320186000005],[12.132514136000054,67.49495319600004]]],[[[16.22452237600004,68.33110205800006],[16.152071774000035,68.28899798800006],[16.052369687000066,68.33261505800004],[16.158740299000044,68.38268991700005],[16.22452237600004,68.33110205800006]]],[[[15.397374924000076,68.76168755000003],[14.813790753000035,68.49560352300006],[14.708699167000077,68.52773681700006],[14.683553822000022,68.64439766800007],[14.411902877000045,68.64537863700008],[14.515971299000057,68.77961376400003],[14.855774084000075,68.83385172300007],[15.123684360000027,69.00099643200008],[15.324089486000048,68.89561168200004],[15.397374924000076,68.76168755000003]]],[[[16.76222843900007,68.96510974000006],[16.705479936000074,68.89978070100005],[16.616431057000057,68.95229884700007],[16.68820990300003,69.00896073000007],[16.76222843900007,68.96510974000006]]],[[[19.52191986200006,70.10388680200003],[19.454279589000066,70.08156443400003],[19.34420425600007,70.13426320000008],[19.430855156000064,70.17638422600004],[19.52191986200006,70.10388680200003]]],[[[19.921928210000033,70.07403054000008],[19.72115374200007,70.05750113700003],[19.49315937600005,70.23740659300006],[19.734433136000064,70.27375352600006],[19.921928210000033,70.07403054000008]]],[[[20.280469313000026,70.23301969300007],[20.19621378900007,70.20533135700003],[20.15963942600007,70.30421793900007],[20.251958108000053,70.30605568600004],[20.280469313000026,70.23301969300007]]],[[[21.48607780100008,70.35841768500006],[21.441945232000023,70.29858489500003],[21.349382568000067,70.34432304700005],[21.422993168000062,70.41469929200008],[21.48607780100008,70.35841768500006]]],[[[22.75273867800007,70.48880672600006],[22.163878793000038,70.47350783900004],[21.942376839000076,70.56886268300008],[22.353669920000073,70.71071366800004],[23.09292876300003,70.68348519100005],[22.75273867800007,70.48880672600006]]],[[[25.91820872900007,70.69581899600007],[25.811116772000048,70.64166038100007],[25.74007850600003,70.68315728700003],[25.866921085000058,70.73623155900003],[25.91820872900007,70.69581899600007]]],[[[24.154728824000074,70.96119662600006],[24.033243206000066,70.91578284900004],[23.892183411000076,70.98904422000004],[24.046102897000026,71.03081832700008],[24.154728824000074,70.96119662600006]]],[[[26.23732218500004,71.05011104400006],[26.16032801500006,70.98507174000008],[26.06642212500003,71.03181437200004],[26.156355132000044,71.07908409100008],[26.23732218500004,71.05011104400006]]],[[[24.848665092000033,71.07249930500006],[24.783814350000057,71.02131733800007],[24.676500098000076,71.06856157200008],[24.77487194300005,71.11485664500003],[24.848665092000033,71.07249930500006]]]]}},{"type":"Feature","properties":{"NUTS_ID":"NO08","LEVL_CODE":2,"CNTR_CODE":"NO","NAME_LATN":"Oslo og Viken","NUTS_NAME":"Oslo og Viken","MOUNT_TYPE":null,"URBN_TYPE":null,"COAST_TYPE":null,"NAME_ENGL":"Norway","NAME_FREN":"Norvège","ISO3_CODE":"NOR","SVRG_UN":"UN Member State","CAPT":"Oslo","EU_STAT":"F","EFTA_STAT":"T","CC_STAT":"F","NAME_GERM":"Norwegen"},"geometry":{"type":"MultiPolygon","coordinates":[[[[8.251701008000055,61.07394390200005],[9.292378401000065,60.73404728700007],[9.520782782000026,60.52714125400007],[9.774379840000051,60.47879607600004],[10.01175519900005,60.612172119000036],[10.186372625000047,60.43679574200007],[10.20805444900003,60.41501968000006],[10.391793207000035,60.33500422900005],[10.855249179000054,60.32509518100005],[10.892801018000057,60.37804964400004],[10.745415655000045,60.44149573200008],[10.746914900000036,60.50134919000004],[10.936927470000057,60.490686692000054],[11.190570835000074,60.563094988000046],[11.771917969000071,60.06408187800008],[11.839814230000059,59.84067227500003],[11.919410902000038,59.778298334000056],[11.921263389000046,59.69742731700006],[11.76331801300006,59.61342820600004],[11.707313955000075,59.58364391500004],[11.81678193700003,59.337854840000034],[11.826196492000065,59.23785005600007],[11.635764079000069,58.90992470000003],[11.48359984800004,58.89178981800006],[11.460796337000033,58.98863787500005],[11.469437141000071,58.989809913000045],[11.42716536200004,59.03955212000005],[11.42592268200002,59.05907583700008],[11.411567110000021,59.062084955000046],[11.366993033000028,59.11363974200003],[11.323281917000031,59.11554752900008],[11.222586102000037,59.09099411500006],[11.204825054000025,59.101937348000035],[11.224515577000034,59.134845949000066],[11.167315038000027,59.158897007000064],[11.12951049000003,59.144526737000035],[11.137829113000066,59.11606011200007],[11.129594163000036,59.10297893300003],[11.098036258000036,59.08616054400005],[11.097715995000044,59.086453231000064],[11.097712130000048,59.08644902200007],[11.097712042000069,59.08644895200007],[11.097702234000053,59.08644342300005],[11.097702129000027,59.08644338300007],[11.097691091000058,59.08644116100004],[11.097690979000049,59.086441156000035],[11.09768533600004,59.08644136600003],[11.091909747000045,59.08711389000007],[11.086210857000026,59.08589592800007],[11.08120358900004,59.08291464500007],[11.077416915000072,59.078484986000035],[11.075250862000075,59.07307490300008],[11.074934253000038,59.06725592300006],[11.076500534000047,59.061642765000045],[11.07978698900007,59.05682438300005],[11.079789918000074,59.056819217000054],[11.079789968000057,59.05681911000005],[11.079793099000028,59.05680769500003],[11.079793111000072,59.05680757700003],[11.079792362000035,59.05679576400007],[11.079792335000036,59.05679564800005],[11.079787789000022,59.05678471900006],[11.079787726000063,59.05678461900004],[11.079781806000028,59.05677793700005],[11.083290378000072,59.053099917000054],[11.05199553400007,59.02479174100006],[11.053233423000052,58.99020469000004],[11.00604600400004,59.00235522200006],[10.972066980000022,59.07941893600008],[10.955471570000043,59.09007696600003],[10.888665028000048,59.04253264300007],[10.866953126000055,59.047156330000064],[10.836842233000027,59.10113835100003],[10.857072464000055,59.12066016400007],[10.89093269600005,59.12831133100008],[10.884494068000038,59.17362924400004],[10.868312867000043,59.180683559000045],[10.81475496400003,59.15900394600004],[10.788731676000054,59.187959903000035],[10.76472129800004,59.19325407700006],[10.745069766000029,59.22596912500006],[10.728152434000037,59.30679871800004],[10.662400760000025,59.337854840000034],[10.652725802000077,59.43949896400005],[10.636337557000047,59.611672189000046],[10.547928970000044,59.52477151800008],[10.38433092200006,59.534213616000045],[10.268562467000038,59.66488759200007],[10.00938956400006,59.647317119000036],[9.937325760000022,59.58358842400003],[10.032385617000045,59.476552033000075],[9.767890837000039,59.430002595000076],[9.675288091000027,59.41370508700004],[9.493340454000077,59.508044115000075],[9.342314266000074,59.779588611000065],[9.209650213000032,59.828837719000035],[9.169409880000046,59.91556843300003],[9.012613298000076,59.98306492800003],[8.892042114000049,60.12089741800003],[8.710927988000037,60.178135773000065],[8.149177117000022,60.181299042000035],[7.881215989000054,60.124349632000076],[7.48804036000007,60.09883859400003],[7.664018532000057,60.29839686200006],[7.71531382400002,60.488140187000056],[7.52971343400003,60.66531506400008],[7.569614932000036,60.72285924800008],[7.669774696000047,60.74062258300006],[7.881215989000054,60.92312572600008],[8.053022504000069,60.90971559700006],[8.242184181000027,60.99798789500005],[8.251701008000055,61.07394390200005]]]]}},{"type":"Feature","properties":{"NUTS_ID":"NO09","LEVL_CODE":2,"CNTR_CODE":"NO","NAME_LATN":"Agder og Sør-Østlandet","NUTS_NAME":"Agder og Sør-Østlandet","MOUNT_TYPE":null,"URBN_TYPE":null,"COAST_TYPE":null,"NAME_ENGL":"Norway","NAME_FREN":"Norvège","ISO3_CODE":"NOR","SVRG_UN":"UN Member State","CAPT":"Oslo","EU_STAT":"F","EFTA_STAT":"T","CC_STAT":"F","NAME_GERM":"Norwegen"},"geometry":{"type":"MultiPolygon","coordinates":[[[[9.493340454000077,59.508044115000075],[9.675288091000027,59.41370508700004],[9.767890837000039,59.430002595000076],[10.032385617000045,59.476552033000075],[9.937325760000022,59.58358842400003],[10.00938956400006,59.647317119000036],[10.268562467000038,59.66488759200007],[10.38433092200006,59.534213616000045],[10.48888846500006,59.36885855000003],[10.458870711000031,59.15170229900008],[9.95862749400004,58.97951842400005],[9.82598209400004,58.98675943000006],[9.720123958000045,58.99253814100007],[9.457165192000048,58.89752524600004],[9.366022233000024,58.77140355800003],[9.173924620000037,58.71764508200005],[8.874602696000068,58.45979885700007],[8.292947565000077,58.15147477600004],[7.591966282000044,57.975647913000046],[7.161018162000062,58.05391958900003],[7.047914156000047,58.01775173700008],[6.844143744000064,58.096704842000065],[6.660759650000045,58.080619881000075],[6.610498120000045,58.12221688900007],[6.653236454000023,58.22054749000006],[6.438776149000034,58.29092121200006],[6.610258090000059,58.43039668900008],[6.593893767000054,58.57908579600007],[6.518304080000064,58.65483584600008],[6.573231897000028,58.70998323100008],[6.579543562000026,58.88302500800006],[6.862103344000047,59.10922427100007],[6.860026717000039,59.33195078300008],[7.01753595200006,59.57446206700007],[7.214666736000027,59.67268709600006],[7.096307783000043,59.78281228600008],[7.233217596000031,59.95316145700008],[7.440289387000064,60.043347675000064],[7.48804036000007,60.09883859400003],[7.881215989000054,60.124349632000076],[8.149177117000022,60.181299042000035],[8.710927988000037,60.178135773000065],[8.892042114000049,60.12089741800003],[9.012613298000076,59.98306492800003],[9.169409880000046,59.91556843300003],[9.209650213000032,59.828837719000035],[9.342314266000074,59.779588611000065],[9.493340454000077,59.508044115000075]]]]}},{"type":"Feature","properties":{"NUTS_ID":"NO0B","LEVL_CODE":2,"CNTR_CODE":"NO","NAME_LATN":"Svalbard og Jan Mayen","NUTS_NAME":"Svalbard og Jan Mayen","MOUNT_TYPE":null,"URBN_TYPE":null,"COAST_TYPE":null,"NAME_ENGL":"Norway","NAME_FREN":"Norvège","ISO3_CODE":"NOR","SVRG_UN":"UN Member State","CAPT":"Oslo","EU_STAT":"F","EFTA_STAT":"T","CC_STAT":"F","NAME_GERM":"Norwegen"},"geometry":{"type":"MultiPolygon","coordinates":[[[[17.870214262000047,79.73352375800005],[17.957116695000025,79.54251486500004],[18.57860672100003,79.54456020700007],[19.106451451000055,79.18242527400008],[20.04444660200005,79.05671909300008],[20.557259092000038,79.05518694900007],[21.015300676000038,78.76816043100007],[19.19861218400007,78.49123108600008],[18.98738002500005,78.18188830900004],[18.54437381500003,77.94956762200007],[18.26586826500005,77.61001446300008],[17.64724152100007,77.40210858400008],[16.969915271000048,76.66650158200008],[16.518365697000036,76.57306254900004],[16.065782476000038,76.77978551200005],[16.03638978600003,76.97086963800007],[15.266016978000039,77.02154740900005],[14.609012799000027,77.15732609600008],[14.174699024000063,77.43972401500008],[14.368298192000054,77.52212128900004],[15.122151515000041,77.53752587200006],[15.388120322000077,77.63855225100008],[16.290485276000027,77.75591658300004],[16.33187192200006,77.81585261800006],[15.346088803000043,77.83979478800006],[14.067159778000075,77.75050614000008],[13.82536317000006,77.81180910000006],[13.739874428000064,77.90626870200003],[13.921691304000035,78.04163461900004],[14.805603696000048,78.10512863400004],[15.767523586000038,78.30582945800006],[16.458507834000045,78.37331489200005],[16.559663314000034,78.45443650500005],[16.515874267000072,78.57924952100007],[15.581581819000064,78.50594775000008],[15.450828113000057,78.55408304600007],[15.325788353000064,78.70558892300005],[15.202276294000058,78.73216525900006],[14.624578378000024,78.63561680700008],[14.366575483000076,78.42747507400009],[14.066523565000068,78.31081910200004],[12.991299226000024,78.26382822700003],[11.787956781000048,78.72816519100007],[11.718350066000028,78.87221824300008],[11.861466543000063,79.02811086100007],[11.765173106000077,79.20847157000003],[11.611776253000073,79.26040061700007],[11.344228138000062,79.20802713500007],[11.061367795000024,79.23741675700006],[10.828415472000074,79.42052985000004],[10.656134329000054,79.71260026500005],[11.464112539000041,79.81807787000008],[12.022223763000056,79.75295946700004],[12.422673392000036,79.82143438100007],[13.523957832000065,79.85323652300008],[13.596567055000037,79.78974443900006],[13.151531409000029,79.69972189400005],[13.073183327000038,79.63970603300004],[13.807852081000021,79.40715261900004],[14.137008233000074,79.66368541900005],[14.373345165000046,79.74779677600003],[14.64711442500004,79.76426387800007],[15.210727496000061,79.56732629000004],[15.770185071000071,79.15739578000006],[16.234540007000078,79.02140173000004],[16.25221807500003,79.09767174400008],[15.947459810000055,79.41490122700003],[15.800771388000044,79.74510479100007],[16.05968372500007,79.97405455900008],[16.459641100000056,80.02748784400006],[17.714683125000022,79.83708646800005],[17.870214262000047,79.73352375800005]]],[[[-7.937722419999943,71.03381066500003],[-8.085532058999945,70.96230719300007],[-8.212313428999948,70.99298624400006],[-8.848497898999938,70.84476323600006],[-8.99573248799993,70.88477507600004],[-8.849912175999975,70.95535188800005],[-8.37991490099995,71.03354310300006],[-8.503275594999934,71.06339440600004],[-8.258904164999933,71.17297885900007],[-7.937722419999943,71.03381066500003]]],[[[19.279983706000053,74.44165342600007],[19.061532508000028,74.32990502800004],[18.822249800000066,74.45337745800003],[19.08515403900003,74.53653147100005],[19.279983706000053,74.44165342600007]]],[[[24.100323407000076,77.75416975700006],[23.781835537000063,77.53356782400004],[22.897448653000026,77.30036023100007],[22.788241287000062,77.32734090000008],[22.723634654000023,77.47939341900008],[22.59937736300003,77.53948731000008],[21.08283107400007,77.52208167600008],[21.020386244000065,77.60288680200006],[21.22852559000006,77.87014172400006],[21.205429982000055,78.08661123200005],[21.25234338200005,78.18730594500005],[20.889672869000037,78.25738240000004],[20.552715369000055,78.44603925000007],[21.299299062000046,78.62401576300005],[21.790398972000048,78.58331045900007],[22.064830587000074,78.41963203600005],[22.09736752500004,78.24167249600004],[22.93498578200007,78.21515031600006],[24.100323407000076,77.75416975700006]]],[[[26.84225490600005,78.65622579500007],[26.684797841000034,78.63691429200009],[26.39263965200007,78.80324780300003],[26.629550479000045,78.85558634700004],[26.84225490600005,78.65622579500007]]],[[[12.02564695500007,78.25170999900007],[11.907507059000068,78.22848503500006],[11.523815895000041,78.38607110400005],[11.066726643000038,78.46530467000008],[10.546875928000077,78.76337370900006],[10.465751204000071,78.89284300800006],[10.89884918100006,78.84791174200006],[11.145015026000067,78.63420173500003],[11.812838782000028,78.43574424400003],[12.02564695500007,78.25170999900007]]],[[[29.325989854000056,78.88199566300005],[29.25923385400006,78.83860535900004],[29.117657370000074,78.86037717700003],[29.070920441000055,78.88821284300008],[29.110992989000067,78.90671378900004],[29.27748242000007,78.90355341900005],[29.325989854000056,78.88199566300005]]],[[[28.496776444000034,78.98476797700005],[28.165619108000044,78.79261855600004],[27.968112296000072,78.80297446700007],[28.38744610300006,79.00287110400006],[28.496776444000034,78.98476797700005]]],[[[30.231214222000062,78.98906397600007],[30.164164980000066,78.94529632700005],[30.066743875000043,78.99614402100008],[30.162845608000055,79.04348270900005],[30.231214222000062,78.98906397600007]]],[[[20.111275156000033,79.27740416300009],[20.069029959000034,79.21028988900008],[19.963322580000067,79.25068021300007],[20.04023595700005,79.31417397000007],[20.111275156000033,79.27740416300009]]],[[[19.81214400400006,79.36030782400007],[19.724424596000063,79.32121561100007],[19.620365621000076,79.36916332000004],[19.726238858000045,79.41566179000006],[19.81214400400006,79.36030782400007]]],[[[28.18113599800006,80.07596226200008],[28.062771545000032,80.03236469200004],[27.912731524000037,80.10952735600006],[28.06963888000007,80.14715880100005],[28.18113599800006,80.07596226200008]]],[[[33.13958824600007,80.12620455200005],[32.035839517000056,80.04327795900008],[31.571948081000073,80.12866802600007],[31.745651647000045,80.21552806200003],[32.514109991000055,80.31199231000005],[33.06684813800007,80.31273903500005],[33.30171000800004,80.20560953200004],[33.13958824600007,80.12620455200005]]],[[[18.520354587000043,80.25945859500007],[18.36805118700005,80.21607171400007],[18.157792338000036,80.32408212300004],[18.36704598500006,80.38055551300005],[18.520354587000043,80.25945859500007]]],[[[21.59166374700004,80.22924556600003],[22.15986067600005,80.08419047200005],[22.361020651000047,80.14688717500007],[22.566376492000074,80.35693039000006],[22.915980841000078,80.42984637000006],[23.10750626300006,80.37590087000007],[23.199741219000032,80.23219349300007],[23.314232634000064,80.18046302100004],[24.494793005000076,80.34716046600005],[25.25490094500003,80.23686330600003],[26.848209619000045,80.13085490400005],[27.105590581000058,79.99943242200004],[25.52082987800003,79.40835401400005],[23.69496613000007,79.21060231000007],[23.03571788900007,79.24714749900005],[22.457922561000032,79.35516865500006],[21.005068149000067,79.35884533000007],[20.443757620000042,79.41446684000005],[20.298866889000067,79.52555518300005],[20.68521554700004,79.61242236900006],[20.83728227200004,79.70989139000005],[18.720419548000052,79.75283326100003],[18.319514236000032,79.87034265600005],[18.164898325000024,80.08343281000003],[18.625344363000067,80.16803303100005],[19.091582433000042,80.16937189000004],[19.528108703000044,80.30018819600008],[19.71824683400007,80.43931045800008],[19.879185420000056,80.47708123700005],[20.740570674000026,80.26659442800008],[21.59166374700004,80.22924556600003]]],[[[21.223364633000074,80.67412987600005],[21.13715582900005,80.62732742200006],[21.05064952200007,80.67288412800008],[21.158359043000075,80.72092560700008],[21.223364633000074,80.67412987600005]]],[[[20.87334123000005,80.70672694800004],[20.779982778000033,80.61124926300005],[20.64109176900007,80.64654618200007],[20.770192918000077,80.72217109700006],[20.87334123000005,80.70672694800004]]]]}},{"type":"Feature","properties":{"NUTS_ID":"SE11","LEVL_CODE":2,"CNTR_CODE":"SE","NAME_LATN":"Stockholm","NUTS_NAME":"Stockholm","MOUNT_TYPE":null,"URBN_TYPE":null,"COAST_TYPE":null,"NAME_ENGL":"Sweden","NAME_FREN":"Suède","ISO3_CODE":"SWE","SVRG_UN":"UN Member State","CAPT":"Stockholm","EU_STAT":"T","EFTA_STAT":"F","CC_STAT":"F","NAME_GERM":"Schweden"},"geometry":{"type":"MultiPolygon","coordinates":[[[[18.590183178000075,59.219610748000036],[18.54785157200007,59.066757530000075],[18.42702864200004,59.03409635700007],[18.33764188600003,59.09344940600005],[18.200936743000057,59.078055334000055],[17.86567188300006,58.857621394000034],[17.57239609800007,58.95085240700007],[17.34040065100004,59.032565455000054],[17.26814310000003,59.21254632200004],[17.345820528000047,59.337854840000034],[17.416126732000066,59.384140055000046],[17.575925578000067,59.658954090000066],[17.961347300000057,59.71972091300006],[18.37440411700004,59.88794534300007],[18.43683664100007,60.01947843500005],[18.513265769000043,60.148089052000046],[18.76532946100002,60.16740810600004],[19.101137235000067,59.77135124000006],[18.89523259500004,59.66075337500007],[18.74811218600007,59.26479237400008],[18.590183178000075,59.219610748000036]]],[[[18.361583233000033,58.94656267800008],[18.298620242000027,58.887000630000045],[18.222635555000068,58.94709773100004],[18.308758213000033,59.00311615500004],[18.361583233000033,58.94656267800008]]],[[[18.96481943300006,59.35623488900006],[18.883243571000037,59.33822929400003],[18.844402698000067,59.43423187700006],[18.950778309000043,59.432928763000064],[18.96481943300006,59.35623488900006]]],[[[19.577796917000057,59.450587160000055],[19.52846677900004,59.394167061000076],[19.42535076400003,59.43762841900008],[19.502141523000034,59.49779883200006],[19.577796917000057,59.450587160000055]]]]}},{"type":"Feature","properties":{"NUTS_ID":"SE12","LEVL_CODE":2,"CNTR_CODE":"SE","NAME_LATN":"Östra Mellansverige","NUTS_NAME":"Östra Mellansverige","MOUNT_TYPE":null,"URBN_TYPE":null,"COAST_TYPE":null,"NAME_ENGL":"Sweden","NAME_FREN":"Suède","ISO3_CODE":"SWE","SVRG_UN":"UN Member State","CAPT":"Stockholm","EU_STAT":"T","EFTA_STAT":"F","CC_STAT":"F","NAME_GERM":"Schweden"},"geometry":{"type":"MultiPolygon","coordinates":[[[[17.37011004900006,60.654441776000056],[17.684492049000028,60.56508651900003],[17.953139244000056,60.60615966600005],[18.281601515000034,60.37010088100004],[18.452227401000073,60.43521961500005],[18.568376201000035,60.35364621800005],[18.513265769000043,60.148089052000046],[18.43683664100007,60.01947843500005],[18.37440411700004,59.88794534300007],[17.961347300000057,59.71972091300006],[17.575925578000067,59.658954090000066],[17.416126732000066,59.384140055000046],[17.345820528000047,59.337854840000034],[17.26814310000003,59.21254632200004],[17.34040065100004,59.032565455000054],[17.57239609800007,58.95085240700007],[17.606039243000055,58.860934729000064],[17.381112495000025,58.74635387500007],[17.08755036100007,58.733826339000075],[16.95287991300006,58.617599229000064],[16.74944724900007,58.62694507500004],[16.907817978000026,58.40339490000008],[16.86158704500002,58.27042102000007],[16.93170677200004,58.169496682000045],[16.66673079700007,57.996029702000044],[16.531987214000026,58.089785422000034],[16.25107688600002,58.124617587000046],[16.044740086000047,58.051244842000074],[15.982453698000029,57.83764170100005],[15.643407078000052,57.84198988700007],[15.421051158000068,57.70487941700003],[15.140156520000062,57.72695619400008],[14.997308645000032,57.93722144800006],[15.059736415000032,58.01319324800005],[14.985351708000053,58.12606546500007],[14.592260514000031,58.102644059000056],[14.416710245000047,58.18724050800006],[14.778936290000047,58.64599260500006],[14.669538792000026,58.73058939300006],[14.496908093000059,58.71590867200007],[14.295995033000054,59.012779426000066],[14.295785478000028,59.219271339000045],[14.357493610000063,59.337854840000034],[14.460298817000023,59.54795427200003],[14.422137904000067,59.86214727000004],[14.363429938000024,59.944432481000035],[14.437155332000032,60.02616110200006],[14.724147458000061,60.00522601000006],[14.81511173900003,60.09548882100006],[15.184160734000045,59.992014178000034],[15.422092491000058,59.854747400000065],[15.530785409000032,59.94276389200007],[15.692584108000062,59.959720806000064],[15.788969052000027,60.16742489200004],[16.009461354000052,60.17286133300007],[16.26188435100005,60.07548131100003],[16.494844923000073,60.13532497700004],[16.54830064600003,60.17254526700003],[16.703831018000074,60.19572060300004],[16.954750597000043,60.28688100100004],[17.164749378000067,60.29494456900005],[17.37011004900006,60.654441776000056]]],[[[17.243744458000037,58.66998723900008],[17.19846541800007,58.61807673200008],[17.079692843000032,58.62140509100004],[17.14474649700003,58.700548498000046],[17.243744458000037,58.66998723900008]]]]}},{"type":"Feature","properties":{"NUTS_ID":"SE21","LEVL_CODE":2,"CNTR_CODE":"SE","NAME_LATN":"Småland med öarna","NUTS_NAME":"Småland med öarna","MOUNT_TYPE":null,"URBN_TYPE":null,"COAST_TYPE":null,"NAME_ENGL":"Sweden","NAME_FREN":"Suède","ISO3_CODE":"SWE","SVRG_UN":"UN Member State","CAPT":"Stockholm","EU_STAT":"T","EFTA_STAT":"F","CC_STAT":"F","NAME_GERM":"Schweden"},"geometry":{"type":"MultiPolygon","coordinates":[[[[14.416710245000047,58.18724050800006],[14.592260514000031,58.102644059000056],[14.985351708000053,58.12606546500007],[15.059736415000032,58.01319324800005],[14.997308645000032,57.93722144800006],[15.140156520000062,57.72695619400008],[15.421051158000068,57.70487941700003],[15.643407078000052,57.84198988700007],[15.982453698000029,57.83764170100005],[16.044740086000047,58.051244842000074],[16.25107688600002,58.124617587000046],[16.531987214000026,58.089785422000034],[16.66673079700007,57.996029702000044],[16.75318386400005,57.95155590100006],[16.74857464200005,57.85613979100003],[16.582589313000028,57.59947793900005],[16.71249848100007,57.523653800000034],[16.51928786600007,57.24577658100003],[16.46448164900005,56.832399173000056],[16.049756804000026,56.32184840800005],[15.850277666000068,56.33809939900004],[15.58017535600004,56.48527678900007],[15.36635811800005,56.49158737600004],[14.876623327000061,56.36902528400003],[14.51466946000005,56.46003693000006],[14.323689504000072,56.49158737600004],[14.178736761000039,56.49593648200005],[14.08699004600004,56.52790411400008],[14.046025040000075,56.49158737600004],[13.873347010000032,56.44156959800006],[13.736964447000048,56.43733527900008],[13.534349625000061,56.405392928000026],[13.462636497000062,56.428188617000046],[13.453922204000037,56.49158737600004],[13.308394619000069,56.80469807700007],[13.640924779000045,56.91251980700008],[13.681201047000059,56.97211441700006],[13.473027064000064,57.10397517300004],[13.126387955000041,57.047901859000035],[13.100760559000037,57.145515610000075],[13.469997411000065,57.38289004400008],[13.686243385000068,57.62172392600007],[13.761129377000032,57.86476202000006],[13.741382644000055,58.00090451300008],[14.019539168000051,58.03122725900005],[14.160943982000049,58.12836243600003],[14.416710245000047,58.18724050800006]]],[[[17.016173852000065,57.122809217000054],[16.43469280200003,56.239631803000066],[16.34663604800005,56.464270154000076],[16.956504347000077,57.26495066900003],[17.067857470000035,57.31321273800006],[17.016173852000065,57.122809217000054]]],[[[18.404724999000052,57.02512901000006],[18.217155357000024,56.99024233200004],[18.069837918000076,57.23631636200008],[18.16465233400004,57.538061510000034],[18.421764991000032,57.759940045000064],[18.974966186000074,57.86994120400004],[18.796563047000063,57.35340976500004],[18.404724999000052,57.02512901000006]]],[[[19.362261045000025,57.96787862500008],[19.30406802500005,57.90338705600004],[19.22660637100006,57.959721167000055],[19.30389013200005,58.02235056300003],[19.362261045000025,57.96787862500008]]],[[[19.338457582000046,58.35676829800008],[19.25291184400004,58.31581916400006],[19.15796811100006,58.36362555000005],[19.25731010000004,58.405072276000055],[19.338457582000046,58.35676829800008]]]]}},{"type":"Feature","properties":{"NUTS_ID":"SE22","LEVL_CODE":2,"CNTR_CODE":"SE","NAME_LATN":"Sydsverige","NUTS_NAME":"Sydsverige","MOUNT_TYPE":null,"URBN_TYPE":null,"COAST_TYPE":null,"NAME_ENGL":"Sweden","NAME_FREN":"Suède","ISO3_CODE":"SWE","SVRG_UN":"UN Member State","CAPT":"Stockholm","EU_STAT":"T","EFTA_STAT":"F","CC_STAT":"F","NAME_GERM":"Schweden"},"geometry":{"type":"MultiPolygon","coordinates":[[[[14.51466946000005,56.46003693000006],[14.876623327000061,56.36902528400003],[15.36635811800005,56.49158737600004],[15.58017535600004,56.48527678900007],[15.850277666000068,56.33809939900004],[16.049756804000026,56.32184840800005],[15.805754016000037,56.059657067000046],[15.757990692000021,56.13653362700006],[15.589828977000025,56.189370333000056],[15.352012442000046,56.13961336300008],[14.745368460000066,56.15792712500007],[14.756464465000022,56.03210257600006],[14.705743289000054,56.001871694000044],[14.546399422000036,56.061317657000075],[14.237883727000053,55.82344471200008],[14.228731754000023,55.71245155000008],[14.326877293000052,55.53909370000008],[14.202139325000076,55.41287657400005],[13.731662265000068,55.42112005300004],[13.356705369000053,55.34924443600005],[13.028060926000023,55.407396049000056],[12.929445624000039,55.53940387600005],[13.00714412800005,55.71010712000003],[12.562766499000077,56.219902786000034],[12.77479373400007,56.244285786000034],[12.696554481000021,56.41172327700008],[12.899312826000028,56.44900450400007],[13.00860836000004,56.362875161000034],[13.203501995000067,56.33873076500004],[13.462636497000062,56.428188617000046],[13.534349625000061,56.405392928000026],[13.736964447000048,56.43733527900008],[13.873347010000032,56.44156959800006],[14.046025040000075,56.49158737600004],[14.08699004600004,56.52790411400008],[14.178736761000039,56.49593648200005],[14.323689504000072,56.49158737600004],[14.51466946000005,56.46003693000006]]],[[[12.909736629000065,55.41732214100006],[12.859428208000054,55.34908399500006],[12.790875601000039,55.40092755500007],[12.861722597000039,55.48518430300004],[12.909736629000065,55.41732214100006]]]]}},{"type":"Feature","properties":{"NUTS_ID":"SE23","LEVL_CODE":2,"CNTR_CODE":"SE","NAME_LATN":"Västsverige","NUTS_NAME":"Västsverige","MOUNT_TYPE":null,"URBN_TYPE":null,"COAST_TYPE":null,"NAME_ENGL":"Sweden","NAME_FREN":"Suède","ISO3_CODE":"SWE","SVRG_UN":"UN Member State","CAPT":"Stockholm","EU_STAT":"T","EFTA_STAT":"F","CC_STAT":"F","NAME_GERM":"Schweden"},"geometry":{"type":"MultiPolygon","coordinates":[[[[12.208091368000055,59.25333680300008],[12.520084091000058,59.12465368200003],[12.707435490000023,59.14748108300006],[12.90216939800007,58.82620577700004],[13.242898848000038,58.731790121000074],[13.357501765000052,58.74739516500006],[13.365119109000034,58.856722372000036],[13.466908813000032,58.98351055200004],[13.716988804000039,59.050582388000066],[14.295995033000054,59.012779426000066],[14.496908093000059,58.71590867200007],[14.669538792000026,58.73058939300006],[14.778936290000047,58.64599260500006],[14.416710245000047,58.18724050800006],[14.160943982000049,58.12836243600003],[14.019539168000051,58.03122725900005],[13.741382644000055,58.00090451300008],[13.761129377000032,57.86476202000006],[13.686243385000068,57.62172392600007],[13.469997411000065,57.38289004400008],[13.100760559000037,57.145515610000075],[13.126387955000041,57.047901859000035],[13.473027064000064,57.10397517300004],[13.681201047000059,56.97211441700006],[13.640924779000045,56.91251980700008],[13.308394619000069,56.80469807700007],[13.453922204000037,56.49158737600004],[13.462636497000062,56.428188617000046],[13.203501995000067,56.33873076500004],[13.00860836000004,56.362875161000034],[12.899312826000028,56.44900450400007],[12.93343647100005,56.49158737600004],[12.895980167000062,56.62412851500005],[12.724950722000074,56.65604050300004],[12.573299404000068,56.83813046500006],[12.374622700000032,56.92835008700007],[12.188303273000031,57.20633024800003],[12.113960207000048,57.22693074100005],[12.094957691000047,57.39435178700006],[11.943736146000049,57.36482623400008],[11.922900754000068,57.562223016000075],[11.758311086000049,57.59131503300006],[11.747249725000074,57.699903017000054],[11.624324817000058,57.776153684000064],[11.632436878000021,58.08530430800005],[11.470945993000043,58.09302867400004],[11.47881843700003,58.24956567500004],[11.240313898000068,58.449417580000045],[11.134720048000077,58.87643643400003],[11.244846110000026,59.091874775000065],[11.327082917000041,59.111570132000054],[11.460796337000033,58.98863787500005],[11.48359984800004,58.89178981800006],[11.635764079000069,58.90992470000003],[11.826196492000065,59.23785005600007],[12.064986360000034,59.19622776500006],[12.208091368000055,59.25333680300008]]]]}},{"type":"Feature","properties":{"NUTS_ID":"SE31","LEVL_CODE":2,"CNTR_CODE":"SE","NAME_LATN":"Norra Mellansverige","NUTS_NAME":"Norra Mellansverige","MOUNT_TYPE":null,"URBN_TYPE":null,"COAST_TYPE":null,"NAME_ENGL":"Sweden","NAME_FREN":"Suède","ISO3_CODE":"SWE","SVRG_UN":"UN Member State","CAPT":"Stockholm","EU_STAT":"T","EFTA_STAT":"F","CC_STAT":"F","NAME_GERM":"Schweden"},"geometry":{"type":"MultiPolygon","coordinates":[[[[17.363513001000058,61.90556543000008],[17.40775061100004,61.692076849000046],[17.243661751000047,61.688203626000075],[17.143047022000076,61.61647264100003],[17.18521853200002,60.96919110400006],[17.27972354900004,60.82840260100005],[17.25352190900003,60.70569216100006],[17.37011004900006,60.654441776000056],[17.164749378000067,60.29494456900005],[16.954750597000043,60.28688100100004],[16.703831018000074,60.19572060300004],[16.54830064600003,60.17254526700003],[16.494844923000073,60.13532497700004],[16.26188435100005,60.07548131100003],[16.009461354000052,60.17286133300007],[15.788969052000027,60.16742489200004],[15.692584108000062,59.959720806000064],[15.530785409000032,59.94276389200007],[15.422092491000058,59.854747400000065],[15.184160734000045,59.992014178000034],[14.81511173900003,60.09548882100006],[14.724147458000061,60.00522601000006],[14.437155332000032,60.02616110200006],[14.363429938000024,59.944432481000035],[14.422137904000067,59.86214727000004],[14.460298817000023,59.54795427200003],[14.357493610000063,59.337854840000034],[14.295785478000028,59.219271339000045],[14.295995033000054,59.012779426000066],[13.716988804000039,59.050582388000066],[13.466908813000032,58.98351055200004],[13.365119109000034,58.856722372000036],[13.357501765000052,58.74739516500006],[13.242898848000038,58.731790121000074],[12.90216939800007,58.82620577700004],[12.707435490000023,59.14748108300006],[12.520084091000058,59.12465368200003],[12.208091368000055,59.25333680300008],[12.064986360000034,59.19622776500006],[11.826196492000065,59.23785005600007],[11.81678193700003,59.337854840000034],[11.707313955000075,59.58364391500004],[11.76331801300006,59.61342820600004],[11.921263389000046,59.69742731700006],[11.919410902000038,59.778298334000056],[11.839814230000059,59.84067227500003],[12.20875090900006,59.90728087100007],[12.466694415000063,60.07111202800007],[12.600887725000064,60.49254526400006],[12.24710536200007,61.00193551900003],[12.670176624000021,61.05597642300006],[12.850415585000064,61.35826162700005],[12.588154146000022,61.551014301000066],[12.405438823000054,61.57630755400004],[12.162955260000047,61.718815765000045],[12.231717721000052,62.039733366000064],[12.299370195000051,62.267493986000034],[12.794882465000057,62.21074613300004],[13.114801041000021,62.039733366000064],[13.21782967200005,62.039733366000064],[13.288216484000031,62.039733366000064],[13.257419352000056,61.91363761800005],[13.57117938600004,61.657023379000066],[14.447561669000038,61.59494802200004],[14.636296466000033,61.86625877200004],[15.071358640000028,61.84003980800003],[15.109032299000035,61.986257970000054],[15.21394157900005,62.039733366000064],[15.410514525000053,62.12833055600004],[15.327339682000058,62.272083534000046],[15.602779503000022,62.34040528300005],[16.494844923000073,62.233930360000045],[17.48929991500006,62.13695038700007],[17.363513001000058,61.90556543000008]]]]}},{"type":"Feature","properties":{"NUTS_ID":"SE32","LEVL_CODE":2,"CNTR_CODE":"SE","NAME_LATN":"Mellersta Norrland","NUTS_NAME":"Mellersta Norrland","MOUNT_TYPE":null,"URBN_TYPE":null,"COAST_TYPE":null,"NAME_ENGL":"Sweden","NAME_FREN":"Suède","ISO3_CODE":"SWE","SVRG_UN":"UN Member State","CAPT":"Stockholm","EU_STAT":"T","EFTA_STAT":"F","CC_STAT":"F","NAME_GERM":"Schweden"},"geometry":{"type":"MultiPolygon","coordinates":[[[[15.238758640000071,64.71352352000008],[15.587925406000068,64.45724145300005],[15.688628075000054,64.52044637200004],[15.758272395000063,64.40908774800005],[15.991809628000055,64.33610594300006],[16.052674970000055,64.26539208800006],[16.253370360000076,64.24067749200003],[16.718954069000063,64.02787808000005],[16.916602314000045,63.94739636800006],[17.692152346000057,63.88299112400006],[18.410646257000053,63.98620310800004],[18.50287964300003,63.847320026000034],[18.983003995000047,63.74074048300008],[19.286483881000038,63.46973750700005],[19.229333797000038,63.35512793100003],[19.038826620000066,63.21351045400007],[18.623064575000058,63.14677946900008],[18.666730200000075,63.02166405400004],[18.542049234000046,63.00203542400004],[18.388269267000055,62.85964739500008],[18.234135063000053,62.85712779900007],[18.012139433000073,62.58924005400007],[17.647491313000046,62.43960952500004],[17.510257687000035,62.45983034200003],[17.461580729000048,62.31169644300007],[17.48929991500006,62.13695038700007],[16.494844923000073,62.233930360000045],[15.602779503000022,62.34040528300005],[15.327339682000058,62.272083534000046],[15.410514525000053,62.12833055600004],[15.21394157900005,62.039733366000064],[15.109032299000035,61.986257970000054],[15.071358640000028,61.84003980800003],[14.636296466000033,61.86625877200004],[14.447561669000038,61.59494802200004],[13.57117938600004,61.657023379000066],[13.257419352000056,61.91363761800005],[13.288216484000031,62.039733366000064],[13.21782967200005,62.039733366000064],[13.114801041000021,62.039733366000064],[12.794882465000057,62.21074613300004],[12.299370195000051,62.267493986000034],[12.254659304000029,62.331024478000074],[12.073172227000043,62.613401586000066],[12.124060264000036,62.74874720300005],[12.09194225300007,62.89834235900008],[12.192861209000057,63.017643761000045],[11.99604002500007,63.26524623300003],[12.188845283000035,63.46631625500004],[12.17465892000007,63.598279896000065],[12.667978560000051,63.960408003000055],[12.92536109100007,64.05453908200008],[13.221591932000024,64.09215569900005],[13.986239349000073,64.03270773300005],[14.143977139000071,64.20160941800003],[14.136074074000021,64.26539208800006],[14.116828121000026,64.42071895100008],[13.686254923000035,64.57650431700006],[13.796693177000066,64.71352352000008],[14.325984923000021,65.11891597000005],[14.688419552000028,64.98838797800005],[14.824449835000053,64.88796768000003],[14.973587505000069,64.84089370800007],[15.067939848000037,64.75792567800005],[15.238758640000071,64.71352352000008]]],[[[17.76371161000003,62.19911631100007],[17.687720504000026,62.15772043000004],[17.654552135000074,62.169882087000076],[17.643970051000053,62.20953668000004],[17.689784881000037,62.25365547200005],[17.785330118000047,62.22975267600003],[17.76371161000003,62.19911631100007]]],[[[17.652712896000025,62.22027217600004],[17.581448487000046,62.16291762600008],[17.51947168600003,62.244301362000044],[17.592261526000073,62.28209680900005],[17.652712896000025,62.22027217600004]]]]}},{"type":"Feature","properties":{"NUTS_ID":"SE33","LEVL_CODE":2,"CNTR_CODE":"SE","NAME_LATN":"Övre Norrland","NUTS_NAME":"Övre Norrland","MOUNT_TYPE":null,"URBN_TYPE":null,"COAST_TYPE":null,"NAME_ENGL":"Sweden","NAME_FREN":"Suède","ISO3_CODE":"SWE","SVRG_UN":"UN Member State","CAPT":"Stockholm","EU_STAT":"T","EFTA_STAT":"F","CC_STAT":"F","NAME_GERM":"Schweden"},"geometry":{"type":"MultiPolygon","coordinates":[[[[22.16312955500007,68.47330133800006],[23.049907460000043,68.30041278300007],[23.18075020300006,68.14788933900007],[23.61768371900007,67.96632187500006],[23.489258518000042,67.83851196900008],[23.53971179000007,67.60872410800005],[23.42376495800005,67.48720035100007],[23.731659536000052,67.42891276400007],[23.739526412000032,67.33620305000005],[23.56057726100005,67.23814733600005],[23.582337686000074,67.15458352900004],[23.97086028700005,66.83289297900006],[23.840582219000055,66.55998298600008],[23.678511981000042,66.46018556800004],[23.665078745000073,66.28847204500005],[23.736720709000053,66.20204120800008],[23.91088532300006,66.14549002100006],[24.050158344000067,65.98633748400005],[24.155129182000053,65.81602703000004],[23.75067522100005,65.72052480000008],[23.635588,65.80239679200008],[23.387217414000077,65.78474034700008],[22.935744604000035,65.67994911700004],[22.852083122000067,65.77314501000006],[22.407875185000023,65.81606844300006],[22.34659260500007,65.74393940200008],[22.328848221000044,65.56151517900008],[22.19406282800003,65.44056966100004],[21.97230458100006,65.49945821000006],[21.88814334700004,65.34092315400005],[21.778466715000036,65.39579816600008],[21.634396061000075,65.38092894600004],[21.51670881800004,65.07363600800005],[21.111003307000033,64.79795135000006],[21.241459836000047,64.71352352000008],[21.261513855000032,64.61988850000006],[21.395620128000076,64.57920785600004],[21.542890226000054,64.42469524100005],[21.23129380900008,64.26539208800006],[20.990127017000077,64.13462099200007],[20.734508086000062,63.867701673000056],[20.389109655000027,63.67793652100005],[20.023131205000027,63.64567142300007],[19.68920207900004,63.46552866700006],[19.484862150000026,63.55100297900003],[19.483696173000055,63.44353965400006],[19.286483881000038,63.46973750700005],[18.983003995000047,63.74074048300008],[18.50287964300003,63.847320026000034],[18.410646257000053,63.98620310800004],[17.692152346000057,63.88299112400006],[16.916602314000045,63.94739636800006],[16.718954069000063,64.02787808000005],[16.253370360000076,64.24067749200003],[16.052674970000055,64.26539208800006],[15.991809628000055,64.33610594300006],[15.758272395000063,64.40908774800005],[15.688628075000054,64.52044637200004],[15.587925406000068,64.45724145300005],[15.238758640000071,64.71352352000008],[15.067939848000037,64.75792567800005],[14.973587505000069,64.84089370800007],[14.824449835000053,64.88796768000003],[14.688419552000028,64.98838797800005],[14.325984923000021,65.11891597000005],[14.496796070000073,65.32595480600008],[14.516209667000055,65.59384430800003],[14.609683067000049,65.80652610700008],[14.538795824000033,66.06443918000008],[14.55843099200007,66.13141416200006],[15.033002804000034,66.15685520200003],[15.413124450000055,66.26233277700004],[15.453994737000073,66.34523350300003],[15.455369092000069,66.52193922100008],[16.373855485000036,67.06573836600006],[16.383272413000043,67.19643240900007],[16.128493287000026,67.41987138000007],[16.149895482000034,67.49327803500006],[16.51029923300007,67.62294214300005],[16.77992114400007,67.91926580200004],[17.238873374000036,68.09096169000003],[17.926126716000056,68.00861963600005],[18.124546980000048,68.20532741000005],[18.125925245000076,68.53651595600007],[18.410969092000073,68.57339053400005],[19.943272758000035,68.37869574900003],[20.114517103000026,68.46050819800007],[20.04131026500005,68.56547604400004],[20.218125576000034,68.69263259700006],[20.296467910000047,68.82322071600004],[20.19539005100006,69.02233196000003],[20.548636559000045,69.05996854600005],[20.793191415000024,69.01979458400007],[20.904864794000048,68.90283161500008],[21.370750120000025,68.75677234500006],[21.429676698000037,68.69335546000008],[21.627544139000065,68.65883151200006],[21.730148666000048,68.59417618600008],[21.899858159000075,68.57733077700004],[22.053522732000033,68.48386908700007],[22.16312955500007,68.47330133800006]]],[[[20.930418478000036,63.71529252300007],[20.870939512000064,63.685889994000036],[20.81415439700004,63.78299508400005],[20.91365578800003,63.80704922500007],[20.930418478000036,63.71529252300007]]],[[[22.463220646000025,65.33009956000006],[22.390202271000078,65.26081326500008],[22.291911397000035,65.29921908200004],[22.37988125100003,65.35316489800005],[22.463220646000025,65.33009956000006]]],[[[22.723070359000076,65.51623272700004],[22.510035767000034,65.48565221000007],[22.578321001000063,65.60929571400004],[22.66696765300003,65.58456539700006],[22.723070359000076,65.51623272700004]]],[[[24.14467614800003,65.73270603700007],[24.098021482000036,65.62722588200006],[24.00868717700007,65.65435496600003],[24.078939269000045,65.73491325600003],[24.14467614800003,65.73270603700007]]]]}},{"type":"Feature","properties":{"NUTS_ID":"FI19","LEVL_CODE":2,"CNTR_CODE":"FI","NAME_LATN":"Länsi-Suomi","NUTS_NAME":"Länsi-Suomi","MOUNT_TYPE":null,"URBN_TYPE":null,"COAST_TYPE":null,"NAME_ENGL":"Finland","NAME_FREN":"Finlande","ISO3_CODE":"FIN","SVRG_UN":"UN Member State","CAPT":"Helsinki","EU_STAT":"T","EFTA_STAT":"F","CC_STAT":"F","NAME_GERM":"Finnland"},"geometry":{"type":"MultiPolygon","coordinates":[[[[23.16918010200004,63.737799378000034],[23.57829576300003,63.73209789100008],[23.60486146100004,63.69379646200008],[23.517061987000034,63.62070358700004],[23.69698962900003,63.380326893000074],[24.359008190000054,63.116434525000045],[24.71602424500003,63.15924163300008],[24.80628062100004,63.373509168000055],[25.036322609000024,63.45807794800004],[25.25230158100004,63.60303229700003],[25.926748475000068,63.43807526100005],[26.13865220400004,63.45759208900006],[26.114450075000036,63.32691351500006],[26.26963320400006,62.986647262000076],[26.12426884000007,62.89299065900008],[26.488571274000037,62.739613923000036],[26.562433122000073,62.63937432700004],[26.554098976000034,62.519678946000056],[26.70912935700005,62.45294898900005],[26.620333800000026,62.252003384000034],[26.257641402000047,62.14783741800005],[26.319593518000033,62.045692262000046],[26.38933144300006,61.98296708400005],[26.38123342500006,61.82624094800008],[26.51813288200003,61.68082538600004],[26.31503602600003,61.60844843900003],[26.126157627000055,61.641400229000055],[25.908359848000032,61.77679571600004],[25.758489189000045,61.69853611500008],[25.50133346100006,61.67685850200007],[25.430777032000037,61.49991922300006],[25.248449872000037,61.47332059400003],[24.91387599500007,61.452454775000035],[24.913933273000055,61.32488301500007],[24.327910382000027,61.23698815200004],[24.234056336000037,61.15845216500003],[23.83167844600007,61.07140142000003],[23.789656438000065,61.00148159100007],[23.195350328000075,61.00122300600003],[22.968488577000073,61.04325793000004],[22.859587259000023,61.06773336300006],[22.78620497000003,60.99865565700003],[22.430308629000024,60.93960462900003],[22.154192428000044,60.889221072000055],[21.81099073000007,61.021651305000034],[21.512323449000064,61.00532979700006],[21.419929581000076,61.04744303200005],[21.528644987000064,61.612511433000066],[21.33873858000004,61.955711929000074],[21.349234590000037,62.22039897600007],[21.101302068000052,62.64292576300005],[21.156158635000054,62.82509902900006],[21.395775240000035,62.92958488000005],[21.383971162000023,63.03183098000005],[21.585680479000075,63.27610401800007],[21.86530405900004,63.290613120000046],[22.036629452000057,63.37716581800004],[22.305533879000052,63.34299195500006],[22.268211849000068,63.47315595300006],[22.331633775000057,63.54591491200006],[22.495292258000063,63.58848630700004],[22.55917080200004,63.69333801500005],[22.527700664000065,63.76559140000006],[22.639527954000073,63.735097762000066],[22.68604716400006,63.834133069000075],[22.866945878000024,63.838186533000055],[23.16918010200004,63.737799378000034]]],[[[20.91546956700006,62.95035299600005],[20.845461209000064,62.92812499100006],[20.748911212000053,62.98486213700005],[20.84986137100003,63.02411273700005],[20.91546956700006,62.95035299600005]]],[[[21.25313472600004,62.959071289000065],[21.167768615000057,62.922852231000036],[21.10550026900006,62.98494554900003],[21.182448941000075,63.02959942800004],[21.25313472600004,62.959071289000065]]],[[[21.444089967000025,63.24702813200008],[21.33664356500003,63.16135638900005],[21.105897409000022,63.24231390700004],[21.123282982000035,63.323951941000075],[21.22876732700007,63.386503033000054],[21.39919668300007,63.36306377100004],[21.444089967000025,63.24702813200008]]],[[[21.791795103000027,63.36965299500008],[21.733278480000024,63.332832798000084],[21.66473146900006,63.44653258100004],[21.782741650000048,63.42992351300006],[21.791795103000027,63.36965299500008]]]]}},{"type":"Feature","properties":{"NUTS_ID":"FI1B","LEVL_CODE":2,"CNTR_CODE":"FI","NAME_LATN":"Helsinki-Uusimaa","NUTS_NAME":"Helsinki-Uusimaa","MOUNT_TYPE":null,"URBN_TYPE":null,"COAST_TYPE":null,"NAME_ENGL":"Finland","NAME_FREN":"Finlande","ISO3_CODE":"FIN","SVRG_UN":"UN Member State","CAPT":"Helsinki","EU_STAT":"T","EFTA_STAT":"F","CC_STAT":"F","NAME_GERM":"Finnland"},"geometry":{"type":"MultiPolygon","coordinates":[[[[25.46198277600007,60.775830263000046],[25.598453153000037,60.68262273500005],[26.126373870000066,60.69576226100003],[26.30012673500005,60.749203531000035],[26.354296876000035,60.66561343700005],[26.515651820000073,60.577423389000046],[26.453931863000037,60.48765254600005],[26.323904398000025,60.407555106000075],[26.10474124800004,60.39586412700004],[26.008505656000068,60.261268392000034],[25.91500256200004,60.32069326000004],[25.88419463200006,60.22392127900008],[25.63109399800004,60.22467443100004],[25.547632279000027,60.30777429500006],[25.441172643000073,60.22201288500003],[24.700251689000027,60.089909342000055],[24.45700688100004,59.99441983100007],[24.238979890000053,60.019333189000065],[23.751964333000046,59.89795159800008],[23.218514336000055,59.86400808700006],[23.135232779000034,59.95918353700006],[23.01283995500006,59.85657810600003],[22.901712632000056,59.95455920300003],[23.02818320800003,60.101486556000054],[23.619723101000034,60.22077199000006],[23.900492559000043,60.64975839400006],[24.467113648000065,60.566289579000056],[24.624438483000063,60.65653952500003],[25.08817784200005,60.67909335500008],[25.11096595400005,60.81858455100007],[25.248449872000037,60.79225517000003],[25.46198277600007,60.775830263000046]]],[[[22.89288933100005,59.858094262000066],[22.831649734000052,59.78227891600005],[22.74054454900005,59.783421324000074],[22.777980383000056,59.86191248600005],[22.89288933100005,59.858094262000066]]]]}},{"type":"Feature","properties":{"NUTS_ID":"FI1C","LEVL_CODE":2,"CNTR_CODE":"FI","NAME_LATN":"Etelä-Suomi","NUTS_NAME":"Etelä-Suomi","MOUNT_TYPE":null,"URBN_TYPE":null,"COAST_TYPE":null,"NAME_ENGL":"Finland","NAME_FREN":"Finlande","ISO3_CODE":"FIN","SVRG_UN":"UN Member State","CAPT":"Helsinki","EU_STAT":"T","EFTA_STAT":"F","CC_STAT":"F","NAME_GERM":"Finnland"},"geometry":{"type":"MultiPolygon","coordinates":[[[[30.143966359000046,61.85223796900004],[29.306271682000045,61.32917753600003],[28.08469527500006,60.718335936000074],[27.991279423000037,60.66897893700008],[27.796461915000066,60.545358674000056],[27.79352423000006,60.54525064200004],[27.679355948000023,60.47110264400004],[27.079550194000035,60.506134761000055],[27.003709422000043,60.42519830500004],[26.724867265000057,60.41168068300004],[26.453931863000037,60.48765254600005],[26.515651820000073,60.577423389000046],[26.354296876000035,60.66561343700005],[26.30012673500005,60.749203531000035],[26.126373870000066,60.69576226100003],[25.598453153000037,60.68262273500005],[25.46198277600007,60.775830263000046],[25.248449872000037,60.79225517000003],[25.11096595400005,60.81858455100007],[25.08817784200005,60.67909335500008],[24.624438483000063,60.65653952500003],[24.467113648000065,60.566289579000056],[23.900492559000043,60.64975839400006],[23.619723101000034,60.22077199000006],[23.02818320800003,60.101486556000054],[22.416136064000057,59.889876240000035],[22.39285694000006,60.18977889300004],[22.244063694000033,60.177091216000065],[22.072874581000065,60.383911254000054],[22.03012663100003,60.29692653700005],[22.06794830700005,60.16929110700005],[21.796198858000025,60.13825200500003],[21.833195085000057,60.29419194500008],[21.74698519100008,60.47187494700006],[21.66507385700004,60.39445547100007],[21.44634805800007,60.43353953700006],[21.37333936500005,60.334654982000075],[21.37152295100003,60.21462595400004],[21.251974007000058,60.221567778000065],[21.192288720000022,60.36455434000004],[21.286092826000072,60.40892991000004],[21.310484288000055,60.49088547700006],[21.204942421000055,60.853660543000046],[21.419929581000076,61.04744303200005],[21.512323449000064,61.00532979700006],[21.81099073000007,61.021651305000034],[22.154192428000044,60.889221072000055],[22.430308629000024,60.93960462900003],[22.78620497000003,60.99865565700003],[22.859587259000023,61.06773336300006],[22.968488577000073,61.04325793000004],[23.195350328000075,61.00122300600003],[23.789656438000065,61.00148159100007],[23.83167844600007,61.07140142000003],[24.234056336000037,61.15845216500003],[24.327910382000027,61.23698815200004],[24.913933273000055,61.32488301500007],[24.91387599500007,61.452454775000035],[25.248449872000037,61.47332059400003],[25.430777032000037,61.49991922300006],[25.50133346100006,61.67685850200007],[25.758489189000045,61.69853611500008],[25.908359848000032,61.77679571600004],[26.126157627000055,61.641400229000055],[26.31503602600003,61.60844843900003],[26.26672057500008,61.44415054800004],[26.51365942500007,61.27432397400008],[26.696165155000074,61.23273726600007],[26.84353574100004,61.27144324900007],[26.96918052700005,61.16908224700006],[27.205819705000067,61.16246792100003],[27.641690968000034,61.32929098500006],[28.08469527500006,61.35877461500007],[28.28453576000004,61.39274817100005],[28.46067090200006,61.49519941400007],[28.701336918000038,61.470433849000074],[28.854205425000032,61.53324775600004],[29.23402234300005,61.55683998400008],[29.55927913100004,61.72206791800005],[30.143966359000046,61.85223796900004]]],[[[21.393425406000063,59.96823139400004],[21.310277228000075,59.91822762700008],[21.21571618300004,59.95988043500006],[21.323372525000025,60.009662191000075],[21.393425406000063,59.96823139400004]]],[[[21.945934270000066,59.99844862300006],[21.794149126000036,59.882408112000064],[21.702582160000077,59.932743094000045],[21.905804489000047,60.02556987300005],[21.945934270000066,59.99844862300006]]],[[[22.08387684400003,60.01057458100007],[22.034660848000044,60.00735770500006],[21.950739902000066,60.085136730000045],[22.074440217000074,60.10630373500004],[22.08387684400003,60.01057458100007]]],[[[21.670357452000076,60.22424545900003],[21.64978845400003,59.93802611600006],[21.58303044400003,59.94775894000003],[21.48510600900005,60.14527855600005],[21.670357452000076,60.22424545900003]]],[[[21.57930553700004,60.35260231800004],[21.494893869000066,60.259327033000034],[21.424665467000068,60.30123581100008],[21.504679681000027,60.366945129000044],[21.57930553700004,60.35260231800004]]],[[[21.782424364000065,60.32249475600008],[21.723491498000044,60.26568485000007],[21.647342474000027,60.34186678300006],[21.72807986400005,60.38450552300003],[21.782424364000065,60.32249475600008]]]]}},{"type":"Feature","properties":{"NUTS_ID":"FI1D","LEVL_CODE":2,"CNTR_CODE":"FI","NAME_LATN":"Pohjois- ja Itä-Suomi","NUTS_NAME":"Pohjois- ja Itä-Suomi","MOUNT_TYPE":null,"URBN_TYPE":null,"COAST_TYPE":null,"NAME_ENGL":"Finland","NAME_FREN":"Finlande","ISO3_CODE":"FIN","SVRG_UN":"UN Member State","CAPT":"Helsinki","EU_STAT":"T","EFTA_STAT":"F","CC_STAT":"F","NAME_GERM":"Finnland"},"geometry":{"type":"MultiPolygon","coordinates":[[[[27.888308391000066,70.07819462300006],[28.439952866000056,69.81804056500005],[29.08544325400004,69.69581863100007],[29.237827915000025,69.56664070400006],[29.284296074000054,69.49789358900006],[29.241064600000072,69.42471804600007],[28.852063600000065,69.20547526400003],[28.839537927000038,69.12404389800008],[28.929561558000046,69.05191162100004],[28.62281733900005,68.92788325400005],[28.730075311000064,68.83185868400005],[28.488947022000048,68.53114055200007],[28.596681957000044,68.29822486700004],[29.313297827000042,68.06139178800004],[29.95218344700004,67.64544856600008],[29.85501825600005,67.48454464700006],[29.100146281000036,66.96340874600003],[29.129164433000028,66.81966639900003],[29.322067479000054,66.66286259400005],[29.572938323000074,66.43285602100008],[29.929035112000065,66.10745686000007],[30.12275754600006,65.71714341500007],[29.75324075900005,65.63787447500005],[29.83736513300005,65.55756436400003],[29.754731583000023,65.49736939800005],[29.726279867000073,65.34975199100006],[29.628948070000035,65.25473196900003],[29.865226103000055,65.18702174900005],[29.83026214000006,65.10770376800008],[29.63159735800008,65.04352437800003],[29.62944695500005,64.91650011200005],[29.72799408800006,64.80634381800007],[30.03137949300003,64.78592870600005],[30.055582506000064,64.71352352000008],[30.10689960900004,64.64855018100008],[29.996027962000028,64.55281023700007],[30.066803175000075,64.39933428500007],[30.431609657000024,64.26539208800006],[30.518995516000075,64.13244931700007],[30.50082468800008,64.06770330900008],[30.24677678000006,63.834644567000055],[29.97191717800007,63.75716542500004],[30.49402492200005,63.46988272100003],[31.202459988000044,63.22967463900005],[31.562354920000075,62.91732966900008],[31.20216552200003,62.48747969400006],[30.45684870300005,62.045692262000046],[30.143966359000046,61.85223796900004],[29.55927913100004,61.72206791800005],[29.23402234300005,61.55683998400008],[28.854205425000032,61.53324775600004],[28.701336918000038,61.470433849000074],[28.46067090200006,61.49519941400007],[28.28453576000004,61.39274817100005],[28.08469527500006,61.35877461500007],[27.641690968000034,61.32929098500006],[27.205819705000067,61.16246792100003],[26.96918052700005,61.16908224700006],[26.84353574100004,61.27144324900007],[26.696165155000074,61.23273726600007],[26.51365942500007,61.27432397400008],[26.26672057500008,61.44415054800004],[26.31503602600003,61.60844843900003],[26.51813288200003,61.68082538600004],[26.38123342500006,61.82624094800008],[26.38933144300006,61.98296708400005],[26.319593518000033,62.045692262000046],[26.257641402000047,62.14783741800005],[26.620333800000026,62.252003384000034],[26.70912935700005,62.45294898900005],[26.554098976000034,62.519678946000056],[26.562433122000073,62.63937432700004],[26.488571274000037,62.739613923000036],[26.12426884000007,62.89299065900008],[26.26963320400006,62.986647262000076],[26.114450075000036,63.32691351500006],[26.13865220400004,63.45759208900006],[25.926748475000068,63.43807526100005],[25.25230158100004,63.60303229700003],[25.036322609000024,63.45807794800004],[24.80628062100004,63.373509168000055],[24.71602424500003,63.15924163300008],[24.359008190000054,63.116434525000045],[23.69698962900003,63.380326893000074],[23.517061987000034,63.62070358700004],[23.60486146100004,63.69379646200008],[23.57829576300003,63.73209789100008],[23.16918010200004,63.737799378000034],[22.866945878000024,63.838186533000055],[22.90125182500003,63.88770591700006],[23.07625631700006,63.86292149900004],[23.36641512600005,63.93148877300007],[23.434803050000028,64.06619531200005],[23.61733311200004,64.04877187600005],[23.674134111000058,64.18360977900005],[23.825959941000065,64.26539208800006],[24.310990278000077,64.52957614800005],[24.632136036000077,64.82380225900005],[24.991993600000058,64.90680776600004],[25.331153073000053,64.87126859500006],[25.299569946000076,64.96376786900004],[25.42387191000006,64.99055450800006],[25.26544855700007,65.15505297300007],[25.291559117000077,65.44018753100005],[25.084607583000036,65.58894952300005],[25.00252134400006,65.62711706600004],[24.531553220000035,65.66823765300006],[24.486397664000037,65.73213196600005],[24.19549308200004,65.75573632700008],[24.155129182000053,65.81602703000004],[24.050158344000067,65.98633748400005],[23.91088532300006,66.14549002100006],[23.736720709000053,66.20204120800008],[23.665078745000073,66.28847204500005],[23.678511981000042,66.46018556800004],[23.840582219000055,66.55998298600008],[23.97086028700005,66.83289297900006],[23.582337686000074,67.15458352900004],[23.56057726100005,67.23814733600005],[23.739526412000032,67.33620305000005],[23.731659536000052,67.42891276400007],[23.42376495800005,67.48720035100007],[23.53971179000007,67.60872410800005],[23.489258518000042,67.83851196900008],[23.61768371900007,67.96632187500006],[23.18075020300006,68.14788933900007],[23.049907460000043,68.30041278300007],[22.16312955500007,68.47330133800006],[22.053522732000033,68.48386908700007],[21.899858159000075,68.57733077700004],[21.730148666000048,68.59417618600008],[21.627544139000065,68.65883151200006],[21.429676698000037,68.69335546000008],[21.370750120000025,68.75677234500006],[20.904864794000048,68.90283161500008],[20.793191415000024,69.01979458400007],[20.548636559000045,69.05996854600005],[20.730045842000038,69.11139241900008],[21.05052742600003,69.05054254700008],[21.088598844000046,69.09898283300004],[21.018146855000055,69.20614350200003],[21.299035810000078,69.30742748400007],[21.630272534000028,69.26889053500008],[21.983611350000047,69.07289350400004],[22.455719402000057,68.72231922700007],[23.217031328000076,68.64394040900004],[23.618878083000027,68.70605442700008],[23.91701781200004,68.82631704600004],[24.902424133000068,68.59236416200008],[25.08274698200006,68.64786943200005],[25.25559123900007,68.83456678000005],[25.716623877000075,68.97770635100005],[25.731618662000074,69.27077848000005],[25.999792229000036,69.69787360500004],[26.519853085000022,69.93724634900008],[27.067950454000027,69.92128644800005],[27.888308391000066,70.07819462300006]]],[[[24.93121217500004,64.98646180200006],[24.765500042000042,64.93175464000007],[24.563313236000056,65.05071741000006],[24.775050511000074,65.09914722000008],[24.93121217500004,64.98646180200006]]]]}},{"type":"Feature","properties":{"NUTS_ID":"FI20","LEVL_CODE":2,"CNTR_CODE":"FI","NAME_LATN":"Åland","NUTS_NAME":"Åland","MOUNT_TYPE":null,"URBN_TYPE":null,"COAST_TYPE":null,"NAME_ENGL":"Finland","NAME_FREN":"Finlande","ISO3_CODE":"FIN","SVRG_UN":"UN Member State","CAPT":"Helsinki","EU_STAT":"T","EFTA_STAT":"F","CC_STAT":"F","NAME_GERM":"Finnland"},"geometry":{"type":"MultiPolygon","coordinates":[[[[20.05739713500003,60.42665145600006],[20.24522321300003,60.26397876400006],[20.105147332000058,60.13208302000004],[20.185815346000027,60.09849538100008],[20.260507484000073,60.16105159400007],[20.283421735000047,60.08442712800007],[20.179734551000024,59.987721614000066],[19.951409505000072,60.026515439000036],[19.562386552000078,60.166727406000064],[19.465006476000042,60.27647108100007],[19.58515483000002,60.33753467900004],[19.678441899000063,60.32822457200007],[19.758235755000044,60.42124272700005],[20.05739713500003,60.42665145600006]]],[[[21.03133814000006,59.92004830900004],[20.945870305000028,59.878824129000066],[20.84065505500007,59.94048729500008],[20.934019067000065,59.979902139000046],[21.03133814000006,59.92004830900004]]],[[[20.628524370000036,60.070794042000045],[20.520821218000037,59.98152185100008],[20.314716771000064,60.02707851500003],[20.47628506600006,60.13344290400005],[20.628524370000036,60.070794042000045]]],[[[20.774623568000038,60.08785314900007],[20.721270694000054,60.02220396000007],[20.631779318000042,60.07272974500006],[20.706557695000072,60.13363229200007],[20.774623568000038,60.08785314900007]]],[[[19.38054462200006,60.23835321700005],[19.40912723200006,60.13022591200007],[19.33295874600003,60.153415566000035],[19.277833645000044,60.23503932500006],[19.38054462200006,60.23835321700005]]],[[[20.393205699000077,60.35912838300004],[20.407649771000024,60.20203321100007],[20.331183542000076,60.22505513300007],[20.29997713800003,60.36329148100003],[20.393205699000077,60.35912838300004]]],[[[20.85628147400007,60.24880445900004],[20.800474696000038,60.183682213000054],[20.687658511000052,60.19763760200004],[20.77177822400006,60.399006202000066],[20.85628147400007,60.24880445900004]]],[[[20.89447098200003,60.53803510100005],[20.97557805400004,60.48791692800006],[21.08543357800005,60.52672161000004],[21.070080103000066,60.29364410200003],[20.95113141400003,60.29276392700007],[20.952100217000066,60.38977416100005],[20.847290670000064,60.46825936700003],[20.89447098200003,60.53803510100005]]]]}},{"type":"Feature","properties":{"NUTS_ID":"IS00","LEVL_CODE":2,"CNTR_CODE":"IS","NAME_LATN":"Ísland","NUTS_NAME":"Ísland","MOUNT_TYPE":null,"URBN_TYPE":null,"COAST_TYPE":null,"NAME_ENGL":"Iceland","NAME_FREN":"Islande","ISO3_CODE":"ISL","SVRG_UN":"UN Member State","CAPT":"Reykjavík","EU_STAT":"F","EFTA_STAT":"T","CC_STAT":"F","NAME_GERM":"Island"},"geometry":{"type":"MultiPolygon","coordinates":[[[[-15.823795227999938,66.40072641900008],[-15.526093474999982,66.22865543700004],[-15.057706691999954,66.25097311800005],[-14.964303660999974,66.10300442600004],[-14.730730412999947,65.96541696300005],[-14.63410806099995,65.78805838700004],[-13.796475677999979,65.52003934200008],[-13.650096650999956,65.27735895700005],[-13.633952604999934,65.09372112800008],[-13.814970465999977,64.99350685500008],[-13.878535243999977,64.87612466800005],[-13.912107554999977,64.81412820700007],[-14.08511834099994,64.73802380100005],[-14.192333281999936,64.69494296600004],[-14.392817033999961,64.70299563700007],[-14.601409369999942,64.41133494000007],[-14.639802189999955,64.38766716800006],[-14.963605857999937,64.26434434300006],[-15.367676408999955,64.27543411200003],[-15.971133882999936,64.12284993500003],[-16.667687499999943,63.80761918400003],[-17.57303697499998,63.73199760000006],[-18.090590481999982,63.48960425900003],[-18.68304901399995,63.40351217700004],[-19.125791188999926,63.406720180000036],[-20.20316212299997,63.548769555000035],[-21.20647166699996,63.86807175400003],[-22.00739694599997,63.83598745900008],[-22.13086849399997,63.83659790300004],[-22.394791376999933,63.82881648500006],[-22.695191158999933,63.81995959500006],[-22.733434294999938,63.98430077000006],[-22.668859684999973,64.06631532600005],[-22.46830412399993,63.97335285300005],[-22.394791376999933,63.98777378600005],[-22.125507023999944,64.04059906800006],[-21.83571294199993,64.18567611000003],[-21.84067736399993,64.26150468000003],[-21.74029296499998,64.33030964200003],[-21.370047816999943,64.38032600900004],[-21.89993180999994,64.35996943800006],[-22.481709947999946,64.73095307500006],[-23.22136780699998,64.82074329500006],[-23.237682744999972,64.81822032900004],[-23.663012226999967,64.75244676400007],[-23.865266411999983,64.72865215400003],[-24.012792993999938,64.89759388500005],[-23.639991908999946,64.89039570500006],[-22.64730788199995,65.05396403200007],[-22.22387905599993,65.36214876400004],[-22.255284205999942,65.47446501200005],[-22.51956868999997,65.53731096200005],[-23.79721792299995,65.44788427200007],[-24.16912472399997,65.57223005200007],[-23.956622503999938,65.72042157000004],[-23.64686064999995,65.72177299800006],[-23.679053332999956,65.97238161600006],[-23.493887556999937,66.12124502400007],[-22.550217068999928,65.99721266900008],[-22.56767285799998,66.08317963300004],[-22.829316286999983,66.35014774600006],[-22.71658018599993,66.41189492700005],[-22.303563311999937,66.36074409600008],[-21.517663398999957,66.00821243700005],[-21.40023173299994,65.85028420800006],[-21.38448813599996,65.61132884700004],[-21.09530206499994,65.38342429500005],[-20.79408128199998,65.58659439600007],[-20.411048773999937,65.70631348000006],[-20.335719386999926,65.97028592400005],[-20.241128345999982,66.04876939200005],[-20.091079080999975,66.03720345000005],[-19.732094683999946,65.84757033000005],[-19.53525553099996,65.80856706600008],[-19.26562217199995,66.04913633700005],[-18.798053316999926,66.13446252600005],[-18.200995169999942,65.85013485800005],[-18.213241315999937,66.03416901400004],[-18.167589325999927,66.10037465700003],[-17.46027406299993,66.03398789000005],[-17.124988558999974,66.15718736200006],[-16.626947065999957,66.21146543400005],[-16.412499598999943,66.45110682100005],[-16.10880369599994,66.48646529100006],[-15.823795227999938,66.40072641900008]]],[[[-20.223875558999964,63.39378792700006],[-20.306913092999935,63.39056349200007],[-20.372890110999947,63.46029371800006],[-20.249243898999964,63.47313309000003],[-20.223875558999964,63.39378792700006]]]]}},{"type":"Feature","properties":{"NUTS_ID":"DK03","LEVL_CODE":2,"CNTR_CODE":"DK","NAME_LATN":"Syddanmark","NUTS_NAME":"Syddanmark","MOUNT_TYPE":null,"URBN_TYPE":null,"COAST_TYPE":null,"NAME_ENGL":"Denmark","NAME_FREN":"Danemark","ISO3_CODE":"DNK","SVRG_UN":"UN Member State","CAPT":"Copenhagen","EU_STAT":"T","EFTA_STAT":"F","CC_STAT":"F","NAME_GERM":"Dänemark"},"geometry":{"type":"MultiPolygon","coordinates":[[[[9.387011640000026,55.92414792300008],[9.672103355000047,55.71203322900004],[9.779957438000054,55.606294055000035],[9.606601512000054,55.39884379100005],[9.693206032000035,55.22915683200006],[9.533240096000043,55.168286875000035],[9.56280047100006,55.03723460400005],[9.83809857600005,55.05298119100007],[9.976868482000043,54.98821949300003],[10.035787752000033,54.883596140000066],[9.81579867000005,54.907160944000054],[9.712983499000075,54.85484491600005],[9.587624650000066,54.89437509500004],[9.42015163800005,54.83195640400004],[9.295612509000023,54.80834476500007],[9.113097123000045,54.87360159800005],[8.635999799000047,54.91156926800005],[8.680765429000076,55.168286875000035],[8.599603947000048,55.42942440500008],[8.491976143000045,55.44293675100005],[8.432841431000043,55.36472427800004],[8.295200179000062,55.56275460400008],[8.206503747000056,55.520096229000046],[8.101341141000034,55.56143560800007],[8.17076589800007,55.815438924000034],[8.467717537000055,55.78487062500005],[8.882248589000028,55.88705179500005],[9.058403088000034,55.84885963700003],[9.239440030000026,55.94371161300006],[9.387011640000026,55.92414792300008]]],[[[10.777054176000036,54.839121257000045],[10.681172037000067,54.65970962200004],[10.557713398000033,54.66222241000003],[10.430070400000034,54.738283386000035],[10.777054176000036,54.839121257000045]]],[[[10.529754183000023,54.87124820200006],[10.44918232300006,54.819889198000055],[10.337984714000072,54.865219006000075],[10.445551114000068,54.91297284500007],[10.529754183000023,54.87124820200006]]],[[[8.565177232000053,55.097017968000046],[8.454679326000075,55.081183285000066],[8.496073916000057,55.20080623100006],[8.578554948000033,55.20693788500006],[8.565177232000053,55.097017968000046]]],[[[10.251196334000042,55.61034543200003],[10.508583652000027,55.50326940700006],[10.649556773000029,55.569046376000074],[10.78665946600006,55.31618236200006],[10.770174634000057,55.118184100000065],[10.588772107000068,54.96555783100007],[10.156082335000065,55.056715696000026],[10.088634743000057,55.17024710000004],[9.954035862000069,55.20205252800008],[9.705880384000068,55.508247862000076],[10.251196334000042,55.61034543200003]]]]}},{"type":"Feature","properties":{"NUTS_ID":"DK04","LEVL_CODE":2,"CNTR_CODE":"DK","NAME_LATN":"Midtjylland","NUTS_NAME":"Midtjylland","MOUNT_TYPE":null,"URBN_TYPE":null,"COAST_TYPE":null,"NAME_ENGL":"Denmark","NAME_FREN":"Danemark","ISO3_CODE":"DNK","SVRG_UN":"UN Member State","CAPT":"Copenhagen","EU_STAT":"T","EFTA_STAT":"F","CC_STAT":"F","NAME_GERM":"Dänemark"},"geometry":{"type":"MultiPolygon","coordinates":[[[[9.130355630000054,56.722552344000064],[9.102127775000042,56.58875572200003],[9.320450080000057,56.67183646800004],[9.795823975000076,56.56160990400008],[9.879136370000026,56.56164033300007],[10.194849729000055,56.68460386000004],[10.32759472400005,56.68343724400006],[10.361240388000056,56.56164033300007],[10.504314159000046,56.51464639800008],[10.728152434000037,56.53231443700008],[10.825132006000047,56.53103823400005],[10.876453451000032,56.49158737600004],[10.932116508000036,56.38797181800004],[10.728152434000037,56.160184179000055],[10.60995282600004,56.216180414000064],[10.510246852000023,56.124118],[10.375308454000049,56.188226934000056],[10.45481649900006,56.25666077300008],[10.383200301000045,56.27996040100004],[10.238327325000057,56.164639487000045],[10.266802849000044,55.97193112200006],[10.192014106000045,55.865308216000074],[9.949001123000073,55.69452515000006],[9.672103355000047,55.71203322900004],[9.387011640000026,55.92414792300008],[9.239440030000026,55.94371161300006],[9.058403088000034,55.84885963700003],[8.882248589000028,55.88705179500005],[8.467717537000055,55.78487062500005],[8.17076589800007,55.815438924000034],[8.341178719000027,55.93576018500005],[8.126970750000055,56.15236335700007],[8.194858538000062,56.377822956000045],[8.138581435000049,56.56001961800007],[8.19407267400004,56.65131517600008],[8.494131803000073,56.55126030900004],[8.502610334000053,56.65644990900006],[8.559784561000072,56.667895584000064],[8.589598548000026,56.547633948000055],[8.684977883000045,56.48293791600008],[8.762558501000058,56.64663627700003],[8.999327448000031,56.81841310300007],[9.130355630000054,56.722552344000064]]],[[[10.67318282900004,55.91651255700003],[10.614769015000036,55.787749459000054],[10.53085346100005,55.81245536000006],[10.483215065000024,55.96281815600008],[10.563384448000022,56.008565916000066],[10.67318282900004,55.91651255700003]]],[[[11.658221430000026,56.71447366600006],[11.596013320000054,56.66144146900007],[11.486636042000043,56.707097428000054],[11.58248558200006,56.75492042700006],[11.658221430000026,56.71447366600006]]]]}},{"type":"Feature","properties":{"NUTS_ID":"DK05","LEVL_CODE":2,"CNTR_CODE":"DK","NAME_LATN":"Nordjylland","NUTS_NAME":"Nordjylland","MOUNT_TYPE":null,"URBN_TYPE":null,"COAST_TYPE":null,"NAME_ENGL":"Denmark","NAME_FREN":"Danemark","ISO3_CODE":"DNK","SVRG_UN":"UN Member State","CAPT":"Copenhagen","EU_STAT":"T","EFTA_STAT":"F","CC_STAT":"F","NAME_GERM":"Dänemark"},"geometry":{"type":"MultiPolygon","coordinates":[[[[10.527509253000062,57.25185374400007],[10.295706512000038,56.939210184000046],[10.287891438000031,56.72940475400003],[10.194849729000055,56.68460386000004],[9.879136370000026,56.56164033300007],[9.795823975000076,56.56160990400008],[9.320450080000057,56.67183646800004],[9.205273723000062,56.80339108700008],[9.205295844000034,56.96942679400007],[9.125128607000022,57.01911043300004],[8.959793621000074,56.97721879900007],[8.84415006200004,56.77473250000003],[8.717960333000065,56.69325360200003],[8.606405504000065,56.71625772300007],[8.605172313000025,56.84984214200006],[8.38487836400003,56.70756477800006],[8.272155418000068,56.81735549100006],[8.380119577000073,56.96416895600004],[8.57940074000004,57.09412324800007],[9.385954770000069,57.17239986900006],[9.936530656000059,57.568892378000044],[10.475730694000049,57.69361710000004],[10.527509253000062,57.25185374400007]]],[[[11.117508964000024,57.28756098800005],[11.020452953000074,57.21811817100007],[10.891068326000038,57.252360890000034],[11.020826704000058,57.321140738000054],[11.117508964000024,57.28756098800005]]]]}},{"type":"Feature","properties":{"NUTS_ID":"DK01","LEVL_CODE":2,"CNTR_CODE":"DK","NAME_LATN":"Hovedstaden","NUTS_NAME":"Hovedstaden","MOUNT_TYPE":null,"URBN_TYPE":null,"COAST_TYPE":null,"NAME_ENGL":"Denmark","NAME_FREN":"Danemark","ISO3_CODE":"DNK","SVRG_UN":"UN Member State","CAPT":"Copenhagen","EU_STAT":"T","EFTA_STAT":"F","CC_STAT":"F","NAME_GERM":"Dänemark"},"geometry":{"type":"MultiPolygon","coordinates":[[[[12.582579796000061,55.80811860500006],[12.584057890000054,55.72180873500008],[12.654635731000042,55.58981901900006],[12.566066669000065,55.568599051000035],[12.504789477000031,55.63734051300003],[12.363475851000032,55.59380839500005],[12.169808011000043,55.630898639000065],[12.250787643000024,55.70841391500005],[12.089650111000026,55.78085524900007],[11.980778748000034,55.730123079000066],[11.876209550000056,55.737443194000036],[11.936900852000065,55.85762003800005],[11.883620589000031,55.98091966800007],[12.26628658900006,56.12353457900008],[12.591814727000042,56.04569335600007],[12.535404749000065,55.91801676600005],[12.582579796000061,55.80811860500006]]],[[[15.112933738000038,55.01982667800007],[15.049556327000062,54.99332080600004],[14.770874195000033,55.05703847400008],[14.702640226000028,55.12371470200003],[14.714947839000047,55.21622210500004],[14.77442164100006,55.28527280800006],[15.155020050000076,55.12371470200003],[15.112933738000038,55.01982667800007]]],[[[12.781719070000065,55.69144983900003],[12.809593063000023,55.59302296100003],[12.680736957000022,55.59640097800008],[12.735715324000068,55.68331035800003],[12.781719070000065,55.69144983900003]]]]}},{"type":"Feature","properties":{"NUTS_ID":"DK02","LEVL_CODE":2,"CNTR_CODE":"DK","NAME_LATN":"Sjælland","NUTS_NAME":"Sjælland","MOUNT_TYPE":null,"URBN_TYPE":null,"COAST_TYPE":null,"NAME_ENGL":"Denmark","NAME_FREN":"Danemark","ISO3_CODE":"DNK","SVRG_UN":"UN Member State","CAPT":"Copenhagen","EU_STAT":"T","EFTA_STAT":"F","CC_STAT":"F","NAME_GERM":"Dänemark"},"geometry":{"type":"MultiPolygon","coordinates":[[[[11.721125326000049,55.87216112100003],[11.779643664000048,55.658994490000055],[11.876209550000056,55.737443194000036],[11.980778748000034,55.730123079000066],[12.089650111000026,55.78085524900007],[12.250787643000024,55.70841391500005],[12.169808011000043,55.630898639000065],[12.363475851000032,55.59380839500005],[12.230210193000062,55.52381305700004],[12.21682600400004,55.427822011000046],[12.367984197000055,55.315764622000074],[12.172676769000077,55.190331548000074],[12.161429589000022,55.086978884000075],[12.341735868000058,54.94433783100004],[11.980654867000055,54.65632146200005],[11.886923921000061,54.72333946800006],[11.757018209000023,54.65098321000005],[11.484761712000022,54.629520607000075],[11.094954248000022,54.770360690000075],[11.065203638000071,54.85620584000003],[11.133417020000024,54.91822760100007],[11.555506914000034,54.86608475000003],[11.835640660000024,54.988638207000065],[11.693700905000071,55.12760338100003],[11.224223299000073,55.28519184700008],[11.104472300000054,55.69886044000003],[11.64467125300007,55.92534486900007],[11.721125326000049,55.87216112100003]]]]}}]}
